term_uid	module_id
fgsea_msigdb_C2_CP_REACTOME_entrez:REACTOME_ABC_FAMILY_PROTEINS_MEDIATED_TRANSPORT	M70f4e58dbd2c
fgsea_msigdb_C2_CP_REACTOME_entrez:REACTOME_ABC_TRANSPORTER_DISORDERS	M70f4e58dbd2c
fgsea_msigdb_C2_CP_REACTOME_entrez:REACTOME_ABERRANT_REGULATION_OF_MITOTIC_G1_S_TRANSITION_IN_CANCER_DUE_TO_RB1_DEFECTS	M70f4e58dbd2c
fgsea_msigdb_C2_CP_REACTOME_entrez:REACTOME_ABORTIVE_ELONGATION_OF_HIV_1_TRANSCRIPT_IN_THE_ABSENCE_OF_TAT	Mdd20102ac690
fgsea_msigdb_C2_CP_REACTOME_entrez:REACTOME_ACETYLCHOLINE_NEUROTRANSMITTER_RELEASE_CYCLE	M70f4e58dbd2c
fgsea_msigdb_C2_CP_REACTOME_entrez:REACTOME_ACTIVATED_NOTCH1_TRANSMITS_SIGNAL_TO_THE_NUCLEUS	M70f4e58dbd2c
fgsea_msigdb_C2_CP_REACTOME_entrez:REACTOME_ACTIVATED_PKN1_STIMULATES_TRANSCRIPTION_OF_AR_ANDROGEN_RECEPTOR_REGULATED_GENES_KLK2_AND_KLK3	Mdd20102ac690
fgsea_msigdb_C2_CP_REACTOME_entrez:REACTOME_ACTIVATED_TAK1_MEDIATES_P38_MAPK_ACTIVATION	Mdd20102ac690
fgsea_msigdb_C2_CP_REACTOME_entrez:REACTOME_ACTIVATION_OF_AMPK_DOWNSTREAM_OF_NMDARS	Mdd20102ac690
fgsea_msigdb_C2_CP_REACTOME_entrez:REACTOME_ACTIVATION_OF_ANTERIOR_HOX_GENES_IN_HINDBRAIN_DEVELOPMENT_DURING_EARLY_EMBRYOGENESIS	Mdd20102ac690
fgsea_msigdb_C2_CP_REACTOME_entrez:REACTOME_ACTIVATION_OF_APC_C_AND_APC_C_CDC20_MEDIATED_DEGRADATION_OF_MITOTIC_PROTEINS	M70f4e58dbd2c
fgsea_msigdb_C2_CP_REACTOME_entrez:REACTOME_ACTIVATION_OF_ATR_IN_RESPONSE_TO_REPLICATION_STRESS	M70f4e58dbd2c
fgsea_msigdb_C2_CP_REACTOME_entrez:REACTOME_ACTIVATION_OF_BAD_AND_TRANSLOCATION_TO_MITOCHONDRIA	M3ea57f93f973
fgsea_msigdb_C2_CP_REACTOME_entrez:REACTOME_ACTIVATION_OF_BH3_ONLY_PROTEINS	M08eed2476fe4
fgsea_msigdb_C2_CP_REACTOME_entrez:REACTOME_ACTIVATION_OF_GENE_EXPRESSION_BY_SREBF_SREBP	Mdd20102ac690
fgsea_msigdb_C2_CP_REACTOME_entrez:REACTOME_ACTIVATION_OF_KAINATE_RECEPTORS_UPON_GLUTAMATE_BINDING	M2c7202809bb7
fgsea_msigdb_C2_CP_REACTOME_entrez:REACTOME_ACTIVATION_OF_MATRIX_METALLOPROTEINASES	Mdd20102ac690
fgsea_msigdb_C2_CP_REACTOME_entrez:REACTOME_ACTIVATION_OF_NF_KAPPAB_IN_B_CELLS	M70f4e58dbd2c
fgsea_msigdb_C2_CP_REACTOME_entrez:REACTOME_ACTIVATION_OF_NMDA_RECEPTORS_AND_POSTSYNAPTIC_EVENTS	M70f4e58dbd2c
fgsea_msigdb_C2_CP_REACTOME_entrez:REACTOME_ACTIVATION_OF_THE_MRNA_UPON_BINDING_OF_THE_CAP_BINDING_COMPLEX_AND_EIFS_AND_SUBSEQUENT_BINDING_TO_43S	Mdd20102ac690
fgsea_msigdb_C2_CP_REACTOME_entrez:REACTOME_ACTIVATION_OF_THE_PRE_REPLICATIVE_COMPLEX	M70f4e58dbd2c
fgsea_msigdb_C2_CP_REACTOME_entrez:REACTOME_ADAPTIVE_IMMUNE_SYSTEM	Mdd20102ac690
fgsea_msigdb_C2_CP_REACTOME_entrez:REACTOME_ADHERENS_JUNCTIONS_INTERACTIONS	M523486a658b5
fgsea_msigdb_C2_CP_REACTOME_entrez:REACTOME_ADIPOGENESIS	Mdd20102ac690
fgsea_msigdb_C2_CP_REACTOME_entrez:REACTOME_ADORA2B_MEDIATED_ANTI_INFLAMMATORY_CYTOKINES_PRODUCTION	M70f4e58dbd2c
fgsea_msigdb_C2_CP_REACTOME_entrez:REACTOME_ADP_SIGNALLING_THROUGH_P2Y_PURINOCEPTOR_1	Mdd20102ac690
fgsea_msigdb_C2_CP_REACTOME_entrez:REACTOME_ADP_SIGNALLING_THROUGH_P2Y_PURINOCEPTOR_12	Ma7df7cb291b1
fgsea_msigdb_C2_CP_REACTOME_entrez:REACTOME_ADRENALINE_NORADRENALINE_INHIBITS_INSULIN_SECRETION	M70f4e58dbd2c
fgsea_msigdb_C2_CP_REACTOME_entrez:REACTOME_AEROBIC_RESPIRATION_AND_RESPIRATORY_ELECTRON_TRANSPORT	M70f4e58dbd2c
fgsea_msigdb_C2_CP_REACTOME_entrez:REACTOME_AGGREPHAGY	M70f4e58dbd2c
fgsea_msigdb_C2_CP_REACTOME_entrez:REACTOME_AMINE_LIGAND_BINDING_RECEPTORS	Mdd20102ac690
fgsea_msigdb_C2_CP_REACTOME_entrez:REACTOME_AMINO_ACIDS_REGULATE_MTORC1	M70f4e58dbd2c
fgsea_msigdb_C2_CP_REACTOME_entrez:REACTOME_AMINO_ACID_TRANSPORT_ACROSS_THE_PLASMA_MEMBRANE	M70f4e58dbd2c
fgsea_msigdb_C2_CP_REACTOME_entrez:REACTOME_AMYLOID_FIBER_FORMATION	Mdd20102ac690
fgsea_msigdb_C2_CP_REACTOME_entrez:REACTOME_ANCHORING_FIBRIL_FORMATION	Mdc513d469016
fgsea_msigdb_C2_CP_REACTOME_entrez:REACTOME_ANCHORING_OF_THE_BASAL_BODY_TO_THE_PLASMA_MEMBRANE	Mdd20102ac690
fgsea_msigdb_C2_CP_REACTOME_entrez:REACTOME_ANTIGEN_ACTIVATES_B_CELL_RECEPTOR_BCR_LEADING_TO_GENERATION_OF_SECOND_MESSENGERS	Mdd20102ac690
fgsea_msigdb_C2_CP_REACTOME_entrez:REACTOME_ANTIGEN_PRESENTATION_FOLDING_ASSEMBLY_AND_PEPTIDE_LOADING_OF_CLASS_I_MHC	Mdd20102ac690
fgsea_msigdb_C2_CP_REACTOME_entrez:REACTOME_ANTIGEN_PROCESSING_CROSS_PRESENTATION	Mdd20102ac690
fgsea_msigdb_C2_CP_REACTOME_entrez:REACTOME_ANTIGEN_PROCESSING_UBIQUITINATION_PROTEASOME_DEGRADATION	M70f4e58dbd2c
fgsea_msigdb_C2_CP_REACTOME_entrez:REACTOME_ANTIGEN_PROCESSING_UB_ATP_INDEPENDENT_PROTEASOMAL_DEGRADATION	Mdd20102ac690
fgsea_msigdb_C2_CP_REACTOME_entrez:REACTOME_ANTIMICROBIAL_PEPTIDES	M010de8aa71df
fgsea_msigdb_C2_CP_REACTOME_entrez:REACTOME_ANTIVIRAL_MECHANISM_BY_IFN_STIMULATED_GENES	Mdd20102ac690
fgsea_msigdb_C2_CP_REACTOME_entrez:REACTOME_ANTI_INFLAMMATORY_RESPONSE_FAVOURING_LEISHMANIA_PARASITE_INFECTION	Mdd20102ac690
fgsea_msigdb_C2_CP_REACTOME_entrez:REACTOME_APC_CDC20_MEDIATED_DEGRADATION_OF_NEK2A	M70f4e58dbd2c
fgsea_msigdb_C2_CP_REACTOME_entrez:REACTOME_APC_C_CDH1_MEDIATED_DEGRADATION_OF_CDC20_AND_OTHER_APC_C_CDH1_TARGETED_PROTEINS_IN_LATE_MITOSIS_EARLY_G1	M70f4e58dbd2c
fgsea_msigdb_C2_CP_REACTOME_entrez:REACTOME_APC_C_MEDIATED_DEGRADATION_OF_CELL_CYCLE_PROTEINS	M70f4e58dbd2c
fgsea_msigdb_C2_CP_REACTOME_entrez:REACTOME_APOPTOSIS	M70f4e58dbd2c
fgsea_msigdb_C2_CP_REACTOME_entrez:REACTOME_APOPTOTIC_CLEAVAGE_OF_CELLULAR_PROTEINS	M70f4e58dbd2c
fgsea_msigdb_C2_CP_REACTOME_entrez:REACTOME_APOPTOTIC_EXECUTION_PHASE	M70f4e58dbd2c
fgsea_msigdb_C2_CP_REACTOME_entrez:REACTOME_AQUAPORIN_MEDIATED_TRANSPORT	Mdd20102ac690
fgsea_msigdb_C2_CP_REACTOME_entrez:REACTOME_ARACHIDONATE_METABOLISM	Ma0f1296d5b5c
fgsea_msigdb_C2_CP_REACTOME_entrez:REACTOME_ASPARAGINE_N_LINKED_GLYCOSYLATION	M70f4e58dbd2c
fgsea_msigdb_C2_CP_REACTOME_entrez:REACTOME_ASPIRIN_ADME	Mcfd76b4d5bb7
fgsea_msigdb_C2_CP_REACTOME_entrez:REACTOME_ASSEMBLY_AND_CELL_SURFACE_PRESENTATION_OF_NMDA_RECEPTORS	M70f4e58dbd2c
fgsea_msigdb_C2_CP_REACTOME_entrez:REACTOME_ASSEMBLY_OF_COLLAGEN_FIBRILS_AND_OTHER_MULTIMERIC_STRUCTURES	M70f4e58dbd2c
fgsea_msigdb_C2_CP_REACTOME_entrez:REACTOME_ASSEMBLY_OF_THE_ORC_COMPLEX_AT_THE_ORIGIN_OF_REPLICATION	Mdd20102ac690
fgsea_msigdb_C2_CP_REACTOME_entrez:REACTOME_ASSOCIATION_OF_TRIC_CCT_WITH_TARGET_PROTEINS_DURING_BIOSYNTHESIS	M0391c561a82d
fgsea_msigdb_C2_CP_REACTOME_entrez:REACTOME_ASYMMETRIC_LOCALIZATION_OF_PCP_PROTEINS	M70f4e58dbd2c
fgsea_msigdb_C2_CP_REACTOME_entrez:REACTOME_ATF4_ACTIVATES_GENES_IN_RESPONSE_TO_ENDOPLASMIC_RETICULUM_STRESS	M686f47bf956e
fgsea_msigdb_C2_CP_REACTOME_entrez:REACTOME_ATP_DEPENDENT_CHROMATIN_REMODELERS	Mdd20102ac690
fgsea_msigdb_C2_CP_REACTOME_entrez:REACTOME_ATTACHMENT_AND_ENTRY	Mdd20102ac690
fgsea_msigdb_C2_CP_REACTOME_entrez:REACTOME_ATTENUATION_PHASE	Mdd20102ac690
fgsea_msigdb_C2_CP_REACTOME_entrez:REACTOME_AUF1_HNRNP_D0_BINDS_AND_DESTABILIZES_MRNA	M70f4e58dbd2c
fgsea_msigdb_C2_CP_REACTOME_entrez:REACTOME_AURKA_ACTIVATION_BY_TPX2	Mdd20102ac690
fgsea_msigdb_C2_CP_REACTOME_entrez:REACTOME_AUTOPHAGY	M70f4e58dbd2c
fgsea_msigdb_C2_CP_REACTOME_entrez:REACTOME_AZATHIOPRINE_ADME	Mcfd76b4d5bb7
fgsea_msigdb_C2_CP_REACTOME_entrez:REACTOME_A_TETRASACCHARIDE_LINKER_SEQUENCE_IS_REQUIRED_FOR_GAG_SYNTHESIS	M70f4e58dbd2c
fgsea_msigdb_C2_CP_REACTOME_entrez:REACTOME_BACTERIAL_INFECTION_PATHWAYS	Mdd20102ac690
fgsea_msigdb_C2_CP_REACTOME_entrez:REACTOME_BASE_EXCISION_REPAIR	Mdd20102ac690
fgsea_msigdb_C2_CP_REACTOME_entrez:REACTOME_BASE_EXCISION_REPAIR_AP_SITE_FORMATION	Mdd20102ac690
fgsea_msigdb_C2_CP_REACTOME_entrez:REACTOME_BASIGIN_INTERACTIONS	Mdd20102ac690
fgsea_msigdb_C2_CP_REACTOME_entrez:REACTOME_BETA_CATENIN_INDEPENDENT_WNT_SIGNALING	Mdd20102ac690
fgsea_msigdb_C2_CP_REACTOME_entrez:REACTOME_BETA_CATENIN_PHOSPHORYLATION_CASCADE	M3352e6a1812d
fgsea_msigdb_C2_CP_REACTOME_entrez:REACTOME_BILE_ACID_AND_BILE_SALT_METABOLISM	Mdd20102ac690
fgsea_msigdb_C2_CP_REACTOME_entrez:REACTOME_BINDING_AND_UPTAKE_OF_LIGANDS_BY_SCAVENGER_RECEPTORS	Mdd20102ac690
fgsea_msigdb_C2_CP_REACTOME_entrez:REACTOME_BIOLOGICAL_OXIDATIONS	Mdd20102ac690
fgsea_msigdb_C2_CP_REACTOME_entrez:REACTOME_BIOSYNTHESIS_OF_SPECIALIZED_PRORESOLVING_MEDIATORS_SPMS	Ma0f1296d5b5c
fgsea_msigdb_C2_CP_REACTOME_entrez:REACTOME_BIOSYNTHESIS_OF_THE_N_GLYCAN_PRECURSOR_DOLICHOL_LIPID_LINKED_OLIGOSACCHARIDE_LLO_AND_TRANSFER_TO_A_NASCENT_PROTEIN	M70f4e58dbd2c
fgsea_msigdb_C2_CP_REACTOME_entrez:REACTOME_BLOOD_GROUP_SYSTEMS_BIOSYNTHESIS	M8e2a7a92b55e
fgsea_msigdb_C2_CP_REACTOME_entrez:REACTOME_BMAL1_CLOCK_NPAS2_ACTIVATES_CIRCADIAN_EXPRESSION	Mdd20102ac690
fgsea_msigdb_C2_CP_REACTOME_entrez:REACTOME_BRANCHED_CHAIN_AMINO_ACID_CATABOLISM	Mb02bf7d14653
fgsea_msigdb_C2_CP_REACTOME_entrez:REACTOME_B_WICH_COMPLEX_POSITIVELY_REGULATES_RRNA_EXPRESSION	Mdd20102ac690
fgsea_msigdb_C2_CP_REACTOME_entrez:REACTOME_CA2_PATHWAY	Mdd20102ac690
fgsea_msigdb_C2_CP_REACTOME_entrez:REACTOME_CALNEXIN_CALRETICULIN_CYCLE	M70f4e58dbd2c
fgsea_msigdb_C2_CP_REACTOME_entrez:REACTOME_CARDIAC_CONDUCTION	Mdd20102ac690
fgsea_msigdb_C2_CP_REACTOME_entrez:REACTOME_CARDIOGENESIS	M9da4ef329693
fgsea_msigdb_C2_CP_REACTOME_entrez:REACTOME_CARGO_CONCENTRATION_IN_THE_ER	M70f4e58dbd2c
fgsea_msigdb_C2_CP_REACTOME_entrez:REACTOME_CARGO_RECOGNITION_FOR_CLATHRIN_MEDIATED_ENDOCYTOSIS	Mdd20102ac690
fgsea_msigdb_C2_CP_REACTOME_entrez:REACTOME_CARGO_TRAFFICKING_TO_THE_PERICILIARY_MEMBRANE	M62dd0fa4fec3
fgsea_msigdb_C2_CP_REACTOME_entrez:REACTOME_CASPASE_ACTIVATION_VIA_EXTRINSIC_APOPTOTIC_SIGNALLING_PATHWAY	M66d6b4250d88
fgsea_msigdb_C2_CP_REACTOME_entrez:REACTOME_CA_DEPENDENT_EVENTS	M70f4e58dbd2c
fgsea_msigdb_C2_CP_REACTOME_entrez:REACTOME_CD209_DC_SIGN_SIGNALING	M70f4e58dbd2c
fgsea_msigdb_C2_CP_REACTOME_entrez:REACTOME_CD28_DEPENDENT_PI3K_AKT_SIGNALING	Mdd20102ac690
fgsea_msigdb_C2_CP_REACTOME_entrez:REACTOME_CDC42_GTPASE_CYCLE	M70f4e58dbd2c
fgsea_msigdb_C2_CP_REACTOME_entrez:REACTOME_CDK_MEDIATED_PHOSPHORYLATION_AND_REMOVAL_OF_CDC6	M70f4e58dbd2c
fgsea_msigdb_C2_CP_REACTOME_entrez:REACTOME_CELLULAR_RESPONSES_TO_MECHANICAL_STIMULI	Mdd20102ac690
fgsea_msigdb_C2_CP_REACTOME_entrez:REACTOME_CELLULAR_RESPONSE_TO_CHEMICAL_STRESS	M70f4e58dbd2c
fgsea_msigdb_C2_CP_REACTOME_entrez:REACTOME_CELLULAR_RESPONSE_TO_HEAT_STRESS	Mdd20102ac690
fgsea_msigdb_C2_CP_REACTOME_entrez:REACTOME_CELLULAR_RESPONSE_TO_HYPOXIA	M70f4e58dbd2c
fgsea_msigdb_C2_CP_REACTOME_entrez:REACTOME_CELLULAR_RESPONSE_TO_STARVATION	Mdd20102ac690
fgsea_msigdb_C2_CP_REACTOME_entrez:REACTOME_CELLULAR_SENESCENCE	Mdd20102ac690
fgsea_msigdb_C2_CP_REACTOME_entrez:REACTOME_CELL_CELL_COMMUNICATION	M70f4e58dbd2c
fgsea_msigdb_C2_CP_REACTOME_entrez:REACTOME_CELL_CELL_JUNCTION_ORGANIZATION	M523486a658b5
fgsea_msigdb_C2_CP_REACTOME_entrez:REACTOME_CELL_CYCLE	Mdd20102ac690
fgsea_msigdb_C2_CP_REACTOME_entrez:REACTOME_CELL_CYCLE_CHECKPOINTS	Mdd20102ac690
fgsea_msigdb_C2_CP_REACTOME_entrez:REACTOME_CELL_CYCLE_MITOTIC	Mdd20102ac690
fgsea_msigdb_C2_CP_REACTOME_entrez:REACTOME_CELL_DEATH_SIGNALLING_VIA_NRAGE_NRIF_AND_NADE	M70f4e58dbd2c
fgsea_msigdb_C2_CP_REACTOME_entrez:REACTOME_CELL_JUNCTION_ORGANIZATION	M523486a658b5
fgsea_msigdb_C2_CP_REACTOME_entrez:REACTOME_CELL_SURFACE_INTERACTIONS_AT_THE_VASCULAR_WALL	Mdd20102ac690
fgsea_msigdb_C2_CP_REACTOME_entrez:REACTOME_CHAPERONE_MEDIATED_AUTOPHAGY	M70f4e58dbd2c
fgsea_msigdb_C2_CP_REACTOME_entrez:REACTOME_CHEMOKINE_RECEPTORS_BIND_CHEMOKINES	M912e083b5047
fgsea_msigdb_C2_CP_REACTOME_entrez:REACTOME_CHK1_CHK2_CDS1_MEDIATED_INACTIVATION_OF_CYCLIN_B_CDK1_COMPLEX	M3a760f894a76
fgsea_msigdb_C2_CP_REACTOME_entrez:REACTOME_CHOLESTEROL_BIOSYNTHESIS	Mbce3220ecff1
fgsea_msigdb_C2_CP_REACTOME_entrez:REACTOME_CHONDROITIN_SULFATE_DERMATAN_SULFATE_METABOLISM	Mdd20102ac690
fgsea_msigdb_C2_CP_REACTOME_entrez:REACTOME_CHROMATIN_MODIFICATIONS_DURING_THE_MATERNAL_TO_ZYGOTIC_TRANSITION_MZT	Mdd20102ac690
fgsea_msigdb_C2_CP_REACTOME_entrez:REACTOME_CHROMATIN_ORGANIZATION	Mdd20102ac690
fgsea_msigdb_C2_CP_REACTOME_entrez:REACTOME_CHROMOSOME_MAINTENANCE	Mdd20102ac690
fgsea_msigdb_C2_CP_REACTOME_entrez:REACTOME_CILIUM_ASSEMBLY	Mdd20102ac690
fgsea_msigdb_C2_CP_REACTOME_entrez:REACTOME_CIRCADIAN_CLOCK	Mdd20102ac690
fgsea_msigdb_C2_CP_REACTOME_entrez:REACTOME_CITRIC_ACID_CYCLE_TCA_CYCLE	M70f4e58dbd2c
fgsea_msigdb_C2_CP_REACTOME_entrez:REACTOME_CLASS_A_1_RHODOPSIN_LIKE_RECEPTORS	Mdd20102ac690
fgsea_msigdb_C2_CP_REACTOME_entrez:REACTOME_CLASS_B_2_SECRETIN_FAMILY_RECEPTORS	M70f4e58dbd2c
fgsea_msigdb_C2_CP_REACTOME_entrez:REACTOME_CLASS_I_MHC_MEDIATED_ANTIGEN_PROCESSING_PRESENTATION	Mdd20102ac690
fgsea_msigdb_C2_CP_REACTOME_entrez:REACTOME_CLASS_I_PEROXISOMAL_MEMBRANE_PROTEIN_IMPORT	M4ccfa29fa496
fgsea_msigdb_C2_CP_REACTOME_entrez:REACTOME_CLATHRIN_MEDIATED_ENDOCYTOSIS	Mdd20102ac690
fgsea_msigdb_C2_CP_REACTOME_entrez:REACTOME_CLEC7A_DECTIN_1_SIGNALING	Mdd20102ac690
fgsea_msigdb_C2_CP_REACTOME_entrez:REACTOME_COLLAGEN_BIOSYNTHESIS_AND_MODIFYING_ENZYMES	Mdd20102ac690
fgsea_msigdb_C2_CP_REACTOME_entrez:REACTOME_COLLAGEN_CHAIN_TRIMERIZATION	M70f4e58dbd2c
fgsea_msigdb_C2_CP_REACTOME_entrez:REACTOME_COLLAGEN_DEGRADATION	Mdd20102ac690
fgsea_msigdb_C2_CP_REACTOME_entrez:REACTOME_COLLAGEN_FORMATION	Mdd20102ac690
fgsea_msigdb_C2_CP_REACTOME_entrez:REACTOME_COMMON_PATHWAY_OF_FIBRIN_CLOT_FORMATION	Mf95254dbb125
fgsea_msigdb_C2_CP_REACTOME_entrez:REACTOME_COMPLEMENT_CASCADE	Mdd20102ac690
fgsea_msigdb_C2_CP_REACTOME_entrez:REACTOME_COMPLEX_IV_ASSEMBLY	M70f4e58dbd2c
fgsea_msigdb_C2_CP_REACTOME_entrez:REACTOME_COMPLEX_I_BIOGENESIS	M71c2a1bc53d3
fgsea_msigdb_C2_CP_REACTOME_entrez:REACTOME_CONDENSATION_OF_PROPHASE_CHROMOSOMES	Mdd20102ac690
fgsea_msigdb_C2_CP_REACTOME_entrez:REACTOME_CONSTITUTIVE_SIGNALING_BY_ABERRANT_PI3K_IN_CANCER	M70f4e58dbd2c
fgsea_msigdb_C2_CP_REACTOME_entrez:REACTOME_CONSTITUTIVE_SIGNALING_BY_AKT1_E17K_IN_CANCER	M6c760ebae6e3
fgsea_msigdb_C2_CP_REACTOME_entrez:REACTOME_CONSTITUTIVE_SIGNALING_BY_EGFRVIII	Mdd20102ac690
fgsea_msigdb_C2_CP_REACTOME_entrez:REACTOME_CONSTITUTIVE_SIGNALING_BY_LIGAND_RESPONSIVE_EGFR_CANCER_VARIANTS	M70f4e58dbd2c
fgsea_msigdb_C2_CP_REACTOME_entrez:REACTOME_COOPERATION_OF_PDCL_PHLP1_AND_TRIC_CCT_IN_G_PROTEIN_BETA_FOLDING	M70f4e58dbd2c
fgsea_msigdb_C2_CP_REACTOME_entrez:REACTOME_COOPERATION_OF_PREFOLDIN_AND_TRIC_CCT_IN_ACTIN_AND_TUBULIN_FOLDING	M0391c561a82d
fgsea_msigdb_C2_CP_REACTOME_entrez:REACTOME_COPII_MEDIATED_VESICLE_TRANSPORT	M70f4e58dbd2c
fgsea_msigdb_C2_CP_REACTOME_entrez:REACTOME_COPI_DEPENDENT_GOLGI_TO_ER_RETROGRADE_TRAFFIC	M70f4e58dbd2c
fgsea_msigdb_C2_CP_REACTOME_entrez:REACTOME_COPI_INDEPENDENT_GOLGI_TO_ER_RETROGRADE_TRAFFIC	M70f4e58dbd2c
fgsea_msigdb_C2_CP_REACTOME_entrez:REACTOME_COPI_MEDIATED_ANTEROGRADE_TRANSPORT	M70f4e58dbd2c
fgsea_msigdb_C2_CP_REACTOME_entrez:REACTOME_CO_INHIBITION_BY_CTLA4	Mdd20102ac690
fgsea_msigdb_C2_CP_REACTOME_entrez:REACTOME_CO_INHIBITION_BY_PD_1	Mdd20102ac690
fgsea_msigdb_C2_CP_REACTOME_entrez:REACTOME_CO_STIMULATION_BY_CD28	M70f4e58dbd2c
fgsea_msigdb_C2_CP_REACTOME_entrez:REACTOME_CREATION_OF_C4_AND_C2_ACTIVATORS	Mdd20102ac690
fgsea_msigdb_C2_CP_REACTOME_entrez:REACTOME_CREB1_PHOSPHORYLATION_THROUGH_NMDA_RECEPTOR_MEDIATED_ACTIVATION_OF_RAS_SIGNALING	M70f4e58dbd2c
fgsea_msigdb_C2_CP_REACTOME_entrez:REACTOME_CRISTAE_FORMATION	Mcc2a777dd355
fgsea_msigdb_C2_CP_REACTOME_entrez:REACTOME_CROSSLINKING_OF_COLLAGEN_FIBRILS	M70f4e58dbd2c
fgsea_msigdb_C2_CP_REACTOME_entrez:REACTOME_CROSS_PRESENTATION_OF_SOLUBLE_EXOGENOUS_ANTIGENS_ENDOSOMES	Mdd20102ac690
fgsea_msigdb_C2_CP_REACTOME_entrez:REACTOME_CYCLIN_A_B1_B2_ASSOCIATED_EVENTS_DURING_G2_M_TRANSITION	M70f4e58dbd2c
fgsea_msigdb_C2_CP_REACTOME_entrez:REACTOME_CYCLIN_A_CDK2_ASSOCIATED_EVENTS_AT_S_PHASE_ENTRY	Mdd20102ac690
fgsea_msigdb_C2_CP_REACTOME_entrez:REACTOME_CYCLIN_D_ASSOCIATED_EVENTS_IN_G1	Mdd20102ac690
fgsea_msigdb_C2_CP_REACTOME_entrez:REACTOME_CYTOCHROME_P450_ARRANGED_BY_SUBSTRATE_TYPE	Mdd20102ac690
fgsea_msigdb_C2_CP_REACTOME_entrez:REACTOME_CYTOPROTECTION_BY_HMOX1	M70f4e58dbd2c
fgsea_msigdb_C2_CP_REACTOME_entrez:REACTOME_CYTOSOLIC_SENSORS_OF_PATHOGEN_ASSOCIATED_DNA	Mdd20102ac690
fgsea_msigdb_C2_CP_REACTOME_entrez:REACTOME_CYTOSOLIC_TRNA_AMINOACYLATION	M70f4e58dbd2c
fgsea_msigdb_C2_CP_REACTOME_entrez:REACTOME_C_TYPE_LECTIN_RECEPTORS_CLRS	Mdd20102ac690
fgsea_msigdb_C2_CP_REACTOME_entrez:REACTOME_DAG_AND_IP3_SIGNALING	M70f4e58dbd2c
fgsea_msigdb_C2_CP_REACTOME_entrez:REACTOME_DAP12_INTERACTIONS	Mdd20102ac690
fgsea_msigdb_C2_CP_REACTOME_entrez:REACTOME_DAP12_SIGNALING	Mdd20102ac690
fgsea_msigdb_C2_CP_REACTOME_entrez:REACTOME_DARPP_32_EVENTS	M080dd6b838f2
fgsea_msigdb_C2_CP_REACTOME_entrez:REACTOME_DDX58_IFIH1_MEDIATED_INDUCTION_OF_INTERFERON_ALPHA_BETA	M70f4e58dbd2c
fgsea_msigdb_C2_CP_REACTOME_entrez:REACTOME_DEACTIVATION_OF_THE_BETA_CATENIN_TRANSACTIVATING_COMPLEX	M70f4e58dbd2c
fgsea_msigdb_C2_CP_REACTOME_entrez:REACTOME_DEADENYLATION_DEPENDENT_MRNA_DECAY	Mdd20102ac690
fgsea_msigdb_C2_CP_REACTOME_entrez:REACTOME_DEATH_RECEPTOR_SIGNALING	M70f4e58dbd2c
fgsea_msigdb_C2_CP_REACTOME_entrez:REACTOME_DECTIN_1_MEDIATED_NONCANONICAL_NF_KB_SIGNALING	M70f4e58dbd2c
fgsea_msigdb_C2_CP_REACTOME_entrez:REACTOME_DEFECTIVE_B4GALT7_CAUSES_EDS_PROGEROID_TYPE	M70f4e58dbd2c
fgsea_msigdb_C2_CP_REACTOME_entrez:REACTOME_DEFECTIVE_CFTR_CAUSES_CYSTIC_FIBROSIS	M70f4e58dbd2c
fgsea_msigdb_C2_CP_REACTOME_entrez:REACTOME_DEFECTIVE_INTRINSIC_PATHWAY_FOR_APOPTOSIS	M760f578f730f
fgsea_msigdb_C2_CP_REACTOME_entrez:REACTOME_DEFECTS_OF_CONTACT_ACTIVATION_SYSTEM_CAS_AND_KALLIKREIN_KININ_SYSTEM_KKS	M81569dc84817
fgsea_msigdb_C2_CP_REACTOME_entrez:REACTOME_DEGRADATION_OF_AXIN	M70f4e58dbd2c
fgsea_msigdb_C2_CP_REACTOME_entrez:REACTOME_DEGRADATION_OF_BETA_CATENIN_BY_THE_DESTRUCTION_COMPLEX	M70f4e58dbd2c
fgsea_msigdb_C2_CP_REACTOME_entrez:REACTOME_DEGRADATION_OF_CRY_AND_PER_PROTEINS	M70f4e58dbd2c
fgsea_msigdb_C2_CP_REACTOME_entrez:REACTOME_DEGRADATION_OF_DVL	M70f4e58dbd2c
fgsea_msigdb_C2_CP_REACTOME_entrez:REACTOME_DEGRADATION_OF_GLI1_BY_THE_PROTEASOME	M70f4e58dbd2c
fgsea_msigdb_C2_CP_REACTOME_entrez:REACTOME_DEGRADATION_OF_THE_EXTRACELLULAR_MATRIX	Mdd20102ac690
fgsea_msigdb_C2_CP_REACTOME_entrez:REACTOME_DEPOSITION_OF_NEW_CENPA_CONTAINING_NUCLEOSOMES_AT_THE_CENTROMERE	Mdd20102ac690
fgsea_msigdb_C2_CP_REACTOME_entrez:REACTOME_DETOXIFICATION_OF_REACTIVE_OXYGEN_SPECIES	M45cbb32554c4
fgsea_msigdb_C2_CP_REACTOME_entrez:REACTOME_DEUBIQUITINATION	Mdd20102ac690
fgsea_msigdb_C2_CP_REACTOME_entrez:REACTOME_DEVELOPMENTAL_CELL_LINEAGES	Mdd20102ac690
fgsea_msigdb_C2_CP_REACTOME_entrez:REACTOME_DEVELOPMENTAL_CELL_LINEAGES_OF_THE_EXOCRINE_PANCREAS	Mdd20102ac690
fgsea_msigdb_C2_CP_REACTOME_entrez:REACTOME_DEVELOPMENTAL_LINEAGE_OF_MULTIPOTENT_PANCREATIC_PROGENITOR_CELLS	Mdd20102ac690
fgsea_msigdb_C2_CP_REACTOME_entrez:REACTOME_DEVELOPMENTAL_LINEAGE_OF_PANCREATIC_ACINAR_CELLS	Mdd20102ac690
fgsea_msigdb_C2_CP_REACTOME_entrez:REACTOME_DEVELOPMENTAL_LINEAGE_OF_PANCREATIC_DUCTAL_CELLS	Mdd20102ac690
fgsea_msigdb_C2_CP_REACTOME_entrez:REACTOME_DIFFERENTIATION_OF_KERATINOCYTES_IN_INTERFOLLICULAR_EPIDERMIS_IN_MAMMALIAN_SKIN	M6629f621242e
fgsea_msigdb_C2_CP_REACTOME_entrez:REACTOME_DIGESTION	Mb8e6977d74e8
fgsea_msigdb_C2_CP_REACTOME_entrez:REACTOME_DIGESTION_AND_ABSORPTION	Mb8e6977d74e8
fgsea_msigdb_C2_CP_REACTOME_entrez:REACTOME_DISASSEMBLY_OF_THE_DESTRUCTION_COMPLEX_AND_RECRUITMENT_OF_AXIN_TO_THE_MEMBRANE	M3352e6a1812d
fgsea_msigdb_C2_CP_REACTOME_entrez:REACTOME_DISEASES_ASSOCIATED_WITH_GLYCOSAMINOGLYCAN_METABOLISM	M70f4e58dbd2c
fgsea_msigdb_C2_CP_REACTOME_entrez:REACTOME_DISEASES_ASSOCIATED_WITH_O_GLYCOSYLATION_OF_PROTEINS	M70f4e58dbd2c
fgsea_msigdb_C2_CP_REACTOME_entrez:REACTOME_DISEASES_OF_CARBOHYDRATE_METABOLISM	M70f4e58dbd2c
fgsea_msigdb_C2_CP_REACTOME_entrez:REACTOME_DISEASES_OF_DNA_REPAIR	Mdd20102ac690
fgsea_msigdb_C2_CP_REACTOME_entrez:REACTOME_DISEASES_OF_GLYCOSYLATION	M70f4e58dbd2c
fgsea_msigdb_C2_CP_REACTOME_entrez:REACTOME_DISEASES_OF_HEMOSTASIS	M0cb3d49740ae
fgsea_msigdb_C2_CP_REACTOME_entrez:REACTOME_DISEASES_OF_IMMUNE_SYSTEM	Mdd20102ac690
fgsea_msigdb_C2_CP_REACTOME_entrez:REACTOME_DISEASES_OF_METABOLISM	M70f4e58dbd2c
fgsea_msigdb_C2_CP_REACTOME_entrez:REACTOME_DISEASES_OF_MITOTIC_CELL_CYCLE	M70f4e58dbd2c
fgsea_msigdb_C2_CP_REACTOME_entrez:REACTOME_DISEASES_OF_PROGRAMMED_CELL_DEATH	Mdd20102ac690
fgsea_msigdb_C2_CP_REACTOME_entrez:REACTOME_DISEASES_OF_SIGNAL_TRANSDUCTION_BY_GROWTH_FACTOR_RECEPTORS_AND_SECOND_MESSENGERS	Mdd20102ac690
fgsea_msigdb_C2_CP_REACTOME_entrez:REACTOME_DISORDERS_OF_TRANSMEMBRANE_TRANSPORTERS	M70f4e58dbd2c
fgsea_msigdb_C2_CP_REACTOME_entrez:REACTOME_DNA_DAMAGE_BYPASS	M70f4e58dbd2c
fgsea_msigdb_C2_CP_REACTOME_entrez:REACTOME_DNA_DAMAGE_RECOGNITION_IN_GG_NER	M70f4e58dbd2c
fgsea_msigdb_C2_CP_REACTOME_entrez:REACTOME_DNA_DAMAGE_TELOMERE_STRESS_INDUCED_SENESCENCE	Mdd20102ac690
fgsea_msigdb_C2_CP_REACTOME_entrez:REACTOME_DNA_DOUBLE_STRAND_BREAK_REPAIR	Mdd20102ac690
fgsea_msigdb_C2_CP_REACTOME_entrez:REACTOME_DNA_DOUBLE_STRAND_BREAK_RESPONSE	Mdd20102ac690
fgsea_msigdb_C2_CP_REACTOME_entrez:REACTOME_DNA_METHYLATION	Mdd20102ac690
fgsea_msigdb_C2_CP_REACTOME_entrez:REACTOME_DNA_REPAIR	Mdd20102ac690
fgsea_msigdb_C2_CP_REACTOME_entrez:REACTOME_DNA_REPLICATION	Mdd20102ac690
fgsea_msigdb_C2_CP_REACTOME_entrez:REACTOME_DNA_REPLICATION_PRE_INITIATION	Mdd20102ac690
fgsea_msigdb_C2_CP_REACTOME_entrez:REACTOME_DNA_STRAND_ELONGATION	Mdd20102ac690
fgsea_msigdb_C2_CP_REACTOME_entrez:REACTOME_DOPAMINE_NEUROTRANSMITTER_RELEASE_CYCLE	M70f4e58dbd2c
fgsea_msigdb_C2_CP_REACTOME_entrez:REACTOME_DOWNREGULATION_OF_ERBB2_SIGNALING	M70f4e58dbd2c
fgsea_msigdb_C2_CP_REACTOME_entrez:REACTOME_DOWNREGULATION_OF_SMAD2_3_SMAD4_TRANSCRIPTIONAL_ACTIVITY	M70f4e58dbd2c
fgsea_msigdb_C2_CP_REACTOME_entrez:REACTOME_DOWNREGULATION_OF_TGF_BETA_RECEPTOR_SIGNALING	M70f4e58dbd2c
fgsea_msigdb_C2_CP_REACTOME_entrez:REACTOME_DOWNSTREAM_SIGNALING_EVENTS_OF_B_CELL_RECEPTOR_BCR	M70f4e58dbd2c
fgsea_msigdb_C2_CP_REACTOME_entrez:REACTOME_DOWNSTREAM_SIGNALING_OF_ACTIVATED_FGFR1	M70f4e58dbd2c
fgsea_msigdb_C2_CP_REACTOME_entrez:REACTOME_DOWNSTREAM_SIGNALING_OF_ACTIVATED_FGFR2	M70f4e58dbd2c
fgsea_msigdb_C2_CP_REACTOME_entrez:REACTOME_DOWNSTREAM_SIGNALING_OF_ACTIVATED_FGFR3	M70f4e58dbd2c
fgsea_msigdb_C2_CP_REACTOME_entrez:REACTOME_DOWNSTREAM_SIGNALING_OF_ACTIVATED_FGFR4	M70f4e58dbd2c
fgsea_msigdb_C2_CP_REACTOME_entrez:REACTOME_DOWNSTREAM_SIGNAL_TRANSDUCTION	M70f4e58dbd2c
fgsea_msigdb_C2_CP_REACTOME_entrez:REACTOME_DOWNSTREAM_TCR_SIGNALING	Mdd20102ac690
fgsea_msigdb_C2_CP_REACTOME_entrez:REACTOME_DRUG_ADME	Mcfd76b4d5bb7
fgsea_msigdb_C2_CP_REACTOME_entrez:REACTOME_DUAL_INCISION_IN_GG_NER	Mdd20102ac690
fgsea_msigdb_C2_CP_REACTOME_entrez:REACTOME_DUAL_INCISION_IN_TC_NER	Mdd20102ac690
fgsea_msigdb_C2_CP_REACTOME_entrez:REACTOME_E2F_MEDIATED_REGULATION_OF_DNA_REPLICATION	M70f4e58dbd2c
fgsea_msigdb_C2_CP_REACTOME_entrez:REACTOME_E3_UBIQUITIN_LIGASES_UBIQUITINATE_TARGET_PROTEINS	Mdd20102ac690
fgsea_msigdb_C2_CP_REACTOME_entrez:REACTOME_EARLY_SARS_COV_2_INFECTION_EVENTS	Mdd20102ac690
fgsea_msigdb_C2_CP_REACTOME_entrez:REACTOME_ECM_PROTEOGLYCANS	M70f4e58dbd2c
fgsea_msigdb_C2_CP_REACTOME_entrez:REACTOME_EFFECTS_OF_PIP2_HYDROLYSIS	Mc6872fe93d9b
fgsea_msigdb_C2_CP_REACTOME_entrez:REACTOME_EGFR_DOWNREGULATION	M70f4e58dbd2c
fgsea_msigdb_C2_CP_REACTOME_entrez:REACTOME_EGR2_AND_SOX10_MEDIATED_INITIATION_OF_SCHWANN_CELL_MYELINATION	M16c949db891d
fgsea_msigdb_C2_CP_REACTOME_entrez:REACTOME_ELASTIC_FIBRE_FORMATION	Mdd20102ac690
fgsea_msigdb_C2_CP_REACTOME_entrez:REACTOME_ENDOGENOUS_STEROLS	Mdd20102ac690
fgsea_msigdb_C2_CP_REACTOME_entrez:REACTOME_ENERGY_DEPENDENT_REGULATION_OF_MTOR_BY_LKB1_AMPK	M25c8394d544d
fgsea_msigdb_C2_CP_REACTOME_entrez:REACTOME_EPHA_MEDIATED_GROWTH_CONE_COLLAPSE	Mdd20102ac690
fgsea_msigdb_C2_CP_REACTOME_entrez:REACTOME_EPHB_MEDIATED_FORWARD_SIGNALING	M70f4e58dbd2c
fgsea_msigdb_C2_CP_REACTOME_entrez:REACTOME_EPHRIN_SIGNALING	Mdd20102ac690
fgsea_msigdb_C2_CP_REACTOME_entrez:REACTOME_EPH_EPHRIN_MEDIATED_REPULSION_OF_CELLS	Mdd20102ac690
fgsea_msigdb_C2_CP_REACTOME_entrez:REACTOME_EPH_EPHRIN_SIGNALING	Mdd20102ac690
fgsea_msigdb_C2_CP_REACTOME_entrez:REACTOME_EPIGENETIC_REGULATION_BY_WDR5_CONTAINING_HISTONE_MODIFYING_COMPLEXES	Mdd20102ac690
fgsea_msigdb_C2_CP_REACTOME_entrez:REACTOME_EPIGENETIC_REGULATION_OF_GENE_EXPRESSION	Mdd20102ac690
fgsea_msigdb_C2_CP_REACTOME_entrez:REACTOME_EPIGENETIC_REGULATION_OF_GENE_EXPRESSION_BY_MLL3_AND_MLL4_COMPLEXES	Mdd20102ac690
fgsea_msigdb_C2_CP_REACTOME_entrez:REACTOME_ERCC6_CSB_AND_EHMT2_G9A_POSITIVELY_REGULATE_RRNA_EXPRESSION	Mdd20102ac690
fgsea_msigdb_C2_CP_REACTOME_entrez:REACTOME_ERK_MAPK_TARGETS	Mdd20102ac690
fgsea_msigdb_C2_CP_REACTOME_entrez:REACTOME_ER_TO_GOLGI_ANTEROGRADE_TRANSPORT	M70f4e58dbd2c
fgsea_msigdb_C2_CP_REACTOME_entrez:REACTOME_ESR_MEDIATED_SIGNALING	Mdd20102ac690
fgsea_msigdb_C2_CP_REACTOME_entrez:REACTOME_ESTROGEN_DEPENDENT_GENE_EXPRESSION	Mdd20102ac690
fgsea_msigdb_C2_CP_REACTOME_entrez:REACTOME_ESTROGEN_DEPENDENT_NUCLEAR_EVENTS_DOWNSTREAM_OF_ESR_MEMBRANE_SIGNALING	Mdd20102ac690
fgsea_msigdb_C2_CP_REACTOME_entrez:REACTOME_EUKARYOTIC_TRANSLATION_ELONGATION	Mdd20102ac690
fgsea_msigdb_C2_CP_REACTOME_entrez:REACTOME_EUKARYOTIC_TRANSLATION_INITIATION	Mdd20102ac690
fgsea_msigdb_C2_CP_REACTOME_entrez:REACTOME_EVASION_BY_RSV_OF_HOST_INTERFERON_RESPONSES	M70f4e58dbd2c
fgsea_msigdb_C2_CP_REACTOME_entrez:REACTOME_EXPORT_OF_VIRAL_RIBONUCLEOPROTEINS_FROM_NUCLEUS	M70f4e58dbd2c
fgsea_msigdb_C2_CP_REACTOME_entrez:REACTOME_EXPRESSION_OF_BMAL_ARNTL_CLOCK_AND_NPAS2	Mdd20102ac690
fgsea_msigdb_C2_CP_REACTOME_entrez:REACTOME_EXTENSION_OF_TELOMERES	Mdd20102ac690
fgsea_msigdb_C2_CP_REACTOME_entrez:REACTOME_EXTRACELLULAR_MATRIX_ORGANIZATION	Mdd20102ac690
fgsea_msigdb_C2_CP_REACTOME_entrez:REACTOME_EXTRA_NUCLEAR_ESTROGEN_SIGNALING	Mdd20102ac690
fgsea_msigdb_C2_CP_REACTOME_entrez:REACTOME_FACTORS_INVOLVED_IN_MEGAKARYOCYTE_DEVELOPMENT_AND_PLATELET_PRODUCTION	Mdd20102ac690
fgsea_msigdb_C2_CP_REACTOME_entrez:REACTOME_FANCONI_ANEMIA_PATHWAY	Mdd20102ac690
fgsea_msigdb_C2_CP_REACTOME_entrez:REACTOME_FATTY_ACID_METABOLISM	Mdd20102ac690
fgsea_msigdb_C2_CP_REACTOME_entrez:REACTOME_FATTY_ACYL_COA_BIOSYNTHESIS	Mc6286b5d459b
fgsea_msigdb_C2_CP_REACTOME_entrez:REACTOME_FBXL7_DOWN_REGULATES_AURKA_DURING_MITOTIC_ENTRY_AND_IN_EARLY_MITOSIS	M70f4e58dbd2c
fgsea_msigdb_C2_CP_REACTOME_entrez:REACTOME_FCERI_MEDIATED_CA_2_MOBILIZATION	Mdd20102ac690
fgsea_msigdb_C2_CP_REACTOME_entrez:REACTOME_FCERI_MEDIATED_MAPK_ACTIVATION	Mdd20102ac690
fgsea_msigdb_C2_CP_REACTOME_entrez:REACTOME_FCERI_MEDIATED_NF_KB_ACTIVATION	Mdd20102ac690
fgsea_msigdb_C2_CP_REACTOME_entrez:REACTOME_FCGAMMA_RECEPTOR_FCGR_DEPENDENT_PHAGOCYTOSIS	M70f4e58dbd2c
fgsea_msigdb_C2_CP_REACTOME_entrez:REACTOME_FCGR3A_MEDIATED_IL10_SYNTHESIS	Mdd20102ac690
fgsea_msigdb_C2_CP_REACTOME_entrez:REACTOME_FCGR_ACTIVATION	Mdd20102ac690
fgsea_msigdb_C2_CP_REACTOME_entrez:REACTOME_FC_EPSILON_RECEPTOR_FCERI_SIGNALING	Mdd20102ac690
fgsea_msigdb_C2_CP_REACTOME_entrez:REACTOME_FGFR1_LIGAND_BINDING_AND_ACTIVATION	M70f4e58dbd2c
fgsea_msigdb_C2_CP_REACTOME_entrez:REACTOME_FGFR1_MUTANT_RECEPTOR_ACTIVATION	Mdd20102ac690
fgsea_msigdb_C2_CP_REACTOME_entrez:REACTOME_FGFR2_ALTERNATIVE_SPLICING	M70f4e58dbd2c
fgsea_msigdb_C2_CP_REACTOME_entrez:REACTOME_FGFR2_LIGAND_BINDING_AND_ACTIVATION	M70f4e58dbd2c
fgsea_msigdb_C2_CP_REACTOME_entrez:REACTOME_FGFR2_MUTANT_RECEPTOR_ACTIVATION	M70f4e58dbd2c
fgsea_msigdb_C2_CP_REACTOME_entrez:REACTOME_FLT3_SIGNALING	M70f4e58dbd2c
fgsea_msigdb_C2_CP_REACTOME_entrez:REACTOME_FLT3_SIGNALING_IN_DISEASE	M70f4e58dbd2c
fgsea_msigdb_C2_CP_REACTOME_entrez:REACTOME_FORMATION_OF_ATP_BY_CHEMIOSMOTIC_COUPLING	Mcc2a777dd355
fgsea_msigdb_C2_CP_REACTOME_entrez:REACTOME_FORMATION_OF_FIBRIN_CLOT_CLOTTING_CASCADE	M16890679c064
fgsea_msigdb_C2_CP_REACTOME_entrez:REACTOME_FORMATION_OF_INCISION_COMPLEX_IN_GG_NER	M70f4e58dbd2c
fgsea_msigdb_C2_CP_REACTOME_entrez:REACTOME_FORMATION_OF_NEURONAL_PROGENITOR_AND_NEURONAL_BAF_NPBAF_AND_NBAF	Mdd20102ac690
fgsea_msigdb_C2_CP_REACTOME_entrez:REACTOME_FORMATION_OF_PARAXIAL_MESODERM	Mdd20102ac690
fgsea_msigdb_C2_CP_REACTOME_entrez:REACTOME_FORMATION_OF_RNA_POL_II_ELONGATION_COMPLEX	M70f4e58dbd2c
fgsea_msigdb_C2_CP_REACTOME_entrez:REACTOME_FORMATION_OF_TC_NER_PRE_INCISION_COMPLEX	Mdd20102ac690
fgsea_msigdb_C2_CP_REACTOME_entrez:REACTOME_FORMATION_OF_THE_BETA_CATENIN_TCF_TRANSACTIVATING_COMPLEX	Mdd20102ac690
fgsea_msigdb_C2_CP_REACTOME_entrez:REACTOME_FORMATION_OF_THE_CANONICAL_BAF_CBAF_COMPLEX	Mdd20102ac690
fgsea_msigdb_C2_CP_REACTOME_entrez:REACTOME_FORMATION_OF_THE_CORNIFIED_ENVELOPE	M1e415e2fb1e9
fgsea_msigdb_C2_CP_REACTOME_entrez:REACTOME_FORMATION_OF_THE_DYSTROPHIN_GLYCOPROTEIN_COMPLEX_DGC	Mdd20102ac690
fgsea_msigdb_C2_CP_REACTOME_entrez:REACTOME_FORMATION_OF_THE_EARLY_ELONGATION_COMPLEX	M9c6789a2ac36
fgsea_msigdb_C2_CP_REACTOME_entrez:REACTOME_FORMATION_OF_THE_EMBRYONIC_STEM_CELL_BAF_ESBAF_COMPLEX	Mdd20102ac690
fgsea_msigdb_C2_CP_REACTOME_entrez:REACTOME_FORMATION_OF_THE_URETERIC_BUD	Mc55ec4439b21
fgsea_msigdb_C2_CP_REACTOME_entrez:REACTOME_FORMATION_OF_TUBULIN_FOLDING_INTERMEDIATES_BY_CCT_TRIC	M0391c561a82d
fgsea_msigdb_C2_CP_REACTOME_entrez:REACTOME_FORMATION_OF_WDR5_CONTAINING_HISTONE_MODIFYING_COMPLEXES	Mec279fd650cc
fgsea_msigdb_C2_CP_REACTOME_entrez:REACTOME_FOXO_MEDIATED_TRANSCRIPTION	Mdd20102ac690
fgsea_msigdb_C2_CP_REACTOME_entrez:REACTOME_FOXO_MEDIATED_TRANSCRIPTION_OF_CELL_CYCLE_GENES	Mdd20102ac690
fgsea_msigdb_C2_CP_REACTOME_entrez:REACTOME_FOXO_MEDIATED_TRANSCRIPTION_OF_OXIDATIVE_STRESS_METABOLIC_AND_NEURONAL_GENES	M113feee1832e
fgsea_msigdb_C2_CP_REACTOME_entrez:REACTOME_FRS_MEDIATED_FGFR1_SIGNALING	M70f4e58dbd2c
fgsea_msigdb_C2_CP_REACTOME_entrez:REACTOME_FRS_MEDIATED_FGFR2_SIGNALING	M70f4e58dbd2c
fgsea_msigdb_C2_CP_REACTOME_entrez:REACTOME_FRS_MEDIATED_FGFR3_SIGNALING	M70f4e58dbd2c
fgsea_msigdb_C2_CP_REACTOME_entrez:REACTOME_FRS_MEDIATED_FGFR4_SIGNALING	M70f4e58dbd2c
fgsea_msigdb_C2_CP_REACTOME_entrez:REACTOME_G0_AND_EARLY_G1	Mdd20102ac690
fgsea_msigdb_C2_CP_REACTOME_entrez:REACTOME_G1_S_DNA_DAMAGE_CHECKPOINTS	M70f4e58dbd2c
fgsea_msigdb_C2_CP_REACTOME_entrez:REACTOME_G1_S_SPECIFIC_TRANSCRIPTION	Mdd20102ac690
fgsea_msigdb_C2_CP_REACTOME_entrez:REACTOME_G2_M_CHECKPOINTS	Mdd20102ac690
fgsea_msigdb_C2_CP_REACTOME_entrez:REACTOME_G2_M_DNA_DAMAGE_CHECKPOINT	Mdd20102ac690
fgsea_msigdb_C2_CP_REACTOME_entrez:REACTOME_GAB1_SIGNALOSOME	M70f4e58dbd2c
fgsea_msigdb_C2_CP_REACTOME_entrez:REACTOME_GABA_B_RECEPTOR_ACTIVATION	M70f4e58dbd2c
fgsea_msigdb_C2_CP_REACTOME_entrez:REACTOME_GABA_RECEPTOR_ACTIVATION	M70f4e58dbd2c
fgsea_msigdb_C2_CP_REACTOME_entrez:REACTOME_GABA_SYNTHESIS_RELEASE_REUPTAKE_AND_DEGRADATION	M70f4e58dbd2c
fgsea_msigdb_C2_CP_REACTOME_entrez:REACTOME_GAMMA_CARBOXYLATION_HYPUSINYLATION_HYDROXYLATION_AND_ARYLSULFATASE_ACTIVATION	Mfdc5565ec7ba
fgsea_msigdb_C2_CP_REACTOME_entrez:REACTOME_GAP_FILLING_DNA_REPAIR_SYNTHESIS_AND_LIGATION_IN_GG_NER	Mdd20102ac690
fgsea_msigdb_C2_CP_REACTOME_entrez:REACTOME_GAP_JUNCTION_ASSEMBLY	Me6c42b616dfb
fgsea_msigdb_C2_CP_REACTOME_entrez:REACTOME_GAP_JUNCTION_TRAFFICKING_AND_REGULATION	Mdd20102ac690
fgsea_msigdb_C2_CP_REACTOME_entrez:REACTOME_GASTRIN_CREB_SIGNALLING_PATHWAY_VIA_PKC_AND_MAPK	M70f4e58dbd2c
fgsea_msigdb_C2_CP_REACTOME_entrez:REACTOME_GASTRULATION	M70f4e58dbd2c
fgsea_msigdb_C2_CP_REACTOME_entrez:REACTOME_GENERATION_OF_SECOND_MESSENGER_MOLECULES	Mdd20102ac690
fgsea_msigdb_C2_CP_REACTOME_entrez:REACTOME_GENE_AND_PROTEIN_EXPRESSION_BY_JAK_STAT_SIGNALING_AFTER_INTERLEUKIN_12_STIMULATION	Mdd20102ac690
fgsea_msigdb_C2_CP_REACTOME_entrez:REACTOME_GENE_SILENCING_BY_RNA	Mdd20102ac690
fgsea_msigdb_C2_CP_REACTOME_entrez:REACTOME_GLOBAL_GENOME_NUCLEOTIDE_EXCISION_REPAIR_GG_NER	Mdd20102ac690
fgsea_msigdb_C2_CP_REACTOME_entrez:REACTOME_GLUCAGON_LIKE_PEPTIDE_1_GLP1_REGULATES_INSULIN_SECRETION	M70f4e58dbd2c
fgsea_msigdb_C2_CP_REACTOME_entrez:REACTOME_GLUCAGON_SIGNALING_IN_METABOLIC_REGULATION	M70f4e58dbd2c
fgsea_msigdb_C2_CP_REACTOME_entrez:REACTOME_GLUCAGON_TYPE_LIGAND_RECEPTORS	M70f4e58dbd2c
fgsea_msigdb_C2_CP_REACTOME_entrez:REACTOME_GLUCONEOGENESIS	Me4db21640c7a
fgsea_msigdb_C2_CP_REACTOME_entrez:REACTOME_GLUCOSE_METABOLISM	Mdd20102ac690
fgsea_msigdb_C2_CP_REACTOME_entrez:REACTOME_GLUTAMATE_NEUROTRANSMITTER_RELEASE_CYCLE	M05fd4ef08742
fgsea_msigdb_C2_CP_REACTOME_entrez:REACTOME_GLUTATHIONE_CONJUGATION	Mdd20102ac690
fgsea_msigdb_C2_CP_REACTOME_entrez:REACTOME_GLYCEROPHOSPHOLIPID_BIOSYNTHESIS	Mdd20102ac690
fgsea_msigdb_C2_CP_REACTOME_entrez:REACTOME_GLYCOGEN_METABOLISM	M70f4e58dbd2c
fgsea_msigdb_C2_CP_REACTOME_entrez:REACTOME_GLYCOSAMINOGLYCAN_METABOLISM	Mdd20102ac690
fgsea_msigdb_C2_CP_REACTOME_entrez:REACTOME_GLYCOSPHINGOLIPID_CATABOLISM	M70f4e58dbd2c
fgsea_msigdb_C2_CP_REACTOME_entrez:REACTOME_GLYCOSPHINGOLIPID_METABOLISM	M70f4e58dbd2c
fgsea_msigdb_C2_CP_REACTOME_entrez:REACTOME_GOLGI_ASSOCIATED_VESICLE_BIOGENESIS	M70f4e58dbd2c
fgsea_msigdb_C2_CP_REACTOME_entrez:REACTOME_GOLGI_TO_ER_RETROGRADE_TRANSPORT	M70f4e58dbd2c
fgsea_msigdb_C2_CP_REACTOME_entrez:REACTOME_GPCR_LIGAND_BINDING	Mdd20102ac690
fgsea_msigdb_C2_CP_REACTOME_entrez:REACTOME_GPER1_SIGNALING	Mdd20102ac690
fgsea_msigdb_C2_CP_REACTOME_entrez:REACTOME_GPVI_MEDIATED_ACTIVATION_CASCADE	M70f4e58dbd2c
fgsea_msigdb_C2_CP_REACTOME_entrez:REACTOME_GRB2_EVENTS_IN_ERBB2_SIGNALING	M70f4e58dbd2c
fgsea_msigdb_C2_CP_REACTOME_entrez:REACTOME_GROWTH_HORMONE_RECEPTOR_SIGNALING	Mdd20102ac690
fgsea_msigdb_C2_CP_REACTOME_entrez:REACTOME_G_ALPHA_12_13_SIGNALLING_EVENTS	M70f4e58dbd2c
fgsea_msigdb_C2_CP_REACTOME_entrez:REACTOME_G_ALPHA_I_SIGNALLING_EVENTS	Mdd20102ac690
fgsea_msigdb_C2_CP_REACTOME_entrez:REACTOME_G_ALPHA_Q_SIGNALLING_EVENTS	Mdd20102ac690
fgsea_msigdb_C2_CP_REACTOME_entrez:REACTOME_G_ALPHA_S_SIGNALLING_EVENTS	Mdd20102ac690
fgsea_msigdb_C2_CP_REACTOME_entrez:REACTOME_G_ALPHA_Z_SIGNALLING_EVENTS	Mdd20102ac690
fgsea_msigdb_C2_CP_REACTOME_entrez:REACTOME_G_BETA_GAMMA_SIGNALLING_THROUGH_CDC42	M70f4e58dbd2c
fgsea_msigdb_C2_CP_REACTOME_entrez:REACTOME_G_BETA_GAMMA_SIGNALLING_THROUGH_PI3KGAMMA	M00d21c907c4d
fgsea_msigdb_C2_CP_REACTOME_entrez:REACTOME_G_PROTEIN_ACTIVATION	Mac785cbcf11d
fgsea_msigdb_C2_CP_REACTOME_entrez:REACTOME_G_PROTEIN_BETA_GAMMA_SIGNALLING	M735bbe3642fc
fgsea_msigdb_C2_CP_REACTOME_entrez:REACTOME_G_PROTEIN_MEDIATED_EVENTS	M70f4e58dbd2c
fgsea_msigdb_C2_CP_REACTOME_entrez:REACTOME_HATS_ACETYLATE_HISTONES	Mdd20102ac690
fgsea_msigdb_C2_CP_REACTOME_entrez:REACTOME_HCMV_EARLY_EVENTS	Mdd20102ac690
fgsea_msigdb_C2_CP_REACTOME_entrez:REACTOME_HCMV_INFECTION	Mdd20102ac690
fgsea_msigdb_C2_CP_REACTOME_entrez:REACTOME_HCMV_LATE_EVENTS	Mdd20102ac690
fgsea_msigdb_C2_CP_REACTOME_entrez:REACTOME_HDACS_DEACETYLATE_HISTONES	Mdd20102ac690
fgsea_msigdb_C2_CP_REACTOME_entrez:REACTOME_HDMS_DEMETHYLATE_HISTONES	Mdd20102ac690
fgsea_msigdb_C2_CP_REACTOME_entrez:REACTOME_HDR_THROUGH_HOMOLOGOUS_RECOMBINATION_HRR	Mdd20102ac690
fgsea_msigdb_C2_CP_REACTOME_entrez:REACTOME_HDR_THROUGH_SINGLE_STRAND_ANNEALING_SSA	Mdd20102ac690
fgsea_msigdb_C2_CP_REACTOME_entrez:REACTOME_HEDGEHOG_LIGAND_BIOGENESIS	Mdd20102ac690
fgsea_msigdb_C2_CP_REACTOME_entrez:REACTOME_HEDGEHOG_OFF_STATE	M70f4e58dbd2c
fgsea_msigdb_C2_CP_REACTOME_entrez:REACTOME_HEDGEHOG_ON_STATE	M70f4e58dbd2c
fgsea_msigdb_C2_CP_REACTOME_entrez:REACTOME_HEME_SIGNALING	Mdd20102ac690
fgsea_msigdb_C2_CP_REACTOME_entrez:REACTOME_HEMOSTASIS	Mdd20102ac690
fgsea_msigdb_C2_CP_REACTOME_entrez:REACTOME_HEPARAN_SULFATE_HEPARIN_HS_GAG_METABOLISM	Mdd20102ac690
fgsea_msigdb_C2_CP_REACTOME_entrez:REACTOME_HH_MUTANTS_ABROGATE_LIGAND_SECRETION	M70f4e58dbd2c
fgsea_msigdb_C2_CP_REACTOME_entrez:REACTOME_HIGH_LAMINAR_FLOW_SHEAR_STRESS_ACTIVATES_SIGNALING_BY_PIEZO1_AND_PECAM1_CDH5_KDR_IN_ENDOTHELIAL_CELLS	M70f4e58dbd2c
fgsea_msigdb_C2_CP_REACTOME_entrez:REACTOME_HIV_ELONGATION_ARREST_AND_RECOVERY	M70f4e58dbd2c
fgsea_msigdb_C2_CP_REACTOME_entrez:REACTOME_HIV_INFECTION	Mdd20102ac690
fgsea_msigdb_C2_CP_REACTOME_entrez:REACTOME_HIV_LIFE_CYCLE	M70f4e58dbd2c
fgsea_msigdb_C2_CP_REACTOME_entrez:REACTOME_HIV_TRANSCRIPTION_ELONGATION	M70f4e58dbd2c
fgsea_msigdb_C2_CP_REACTOME_entrez:REACTOME_HIV_TRANSCRIPTION_INITIATION	Mdd20102ac690
fgsea_msigdb_C2_CP_REACTOME_entrez:REACTOME_HOMOLOGOUS_DNA_PAIRING_AND_STRAND_EXCHANGE	Mdd20102ac690
fgsea_msigdb_C2_CP_REACTOME_entrez:REACTOME_HOMOLOGY_DIRECTED_REPAIR	Mdd20102ac690
fgsea_msigdb_C2_CP_REACTOME_entrez:REACTOME_HOST_INTERACTIONS_OF_HIV_FACTORS	Mdd20102ac690
fgsea_msigdb_C2_CP_REACTOME_entrez:REACTOME_HSF1_ACTIVATION	Mdd20102ac690
fgsea_msigdb_C2_CP_REACTOME_entrez:REACTOME_HSF1_DEPENDENT_TRANSACTIVATION	Mdd20102ac690
fgsea_msigdb_C2_CP_REACTOME_entrez:REACTOME_HSP90_CHAPERONE_CYCLE_FOR_STEROID_HORMONE_RECEPTORS_SHR_IN_THE_PRESENCE_OF_LIGAND	M70f4e58dbd2c
fgsea_msigdb_C2_CP_REACTOME_entrez:REACTOME_HS_GAG_BIOSYNTHESIS	Mdd20102ac690
fgsea_msigdb_C2_CP_REACTOME_entrez:REACTOME_HS_GAG_DEGRADATION	Mdd20102ac690
fgsea_msigdb_C2_CP_REACTOME_entrez:REACTOME_HYALURONAN_METABOLISM	Mdd20102ac690
fgsea_msigdb_C2_CP_REACTOME_entrez:REACTOME_IKK_COMPLEX_RECRUITMENT_MEDIATED_BY_RIP1	Mdd20102ac690
fgsea_msigdb_C2_CP_REACTOME_entrez:REACTOME_IMMUNOREGULATORY_INTERACTIONS_BETWEEN_A_LYMPHOID_AND_A_NON_LYMPHOID_CELL	Mdd20102ac690
fgsea_msigdb_C2_CP_REACTOME_entrez:REACTOME_INACTIVATION_OF_CSF3_G_CSF_SIGNALING	M70f4e58dbd2c
fgsea_msigdb_C2_CP_REACTOME_entrez:REACTOME_INCRETIN_SYNTHESIS_SECRETION_AND_INACTIVATION	M8c9e26413423
fgsea_msigdb_C2_CP_REACTOME_entrez:REACTOME_INFECTION_WITH_MYCOBACTERIUM_TUBERCULOSIS	Mdd20102ac690
fgsea_msigdb_C2_CP_REACTOME_entrez:REACTOME_INFLAMMASOMES	M70f4e58dbd2c
fgsea_msigdb_C2_CP_REACTOME_entrez:REACTOME_INFLUENZA_INFECTION	Mdd20102ac690
fgsea_msigdb_C2_CP_REACTOME_entrez:REACTOME_INHIBITION_OF_DNA_RECOMBINATION_AT_TELOMERE	Mdd20102ac690
fgsea_msigdb_C2_CP_REACTOME_entrez:REACTOME_INITIAL_TRIGGERING_OF_COMPLEMENT	Mdd20102ac690
fgsea_msigdb_C2_CP_REACTOME_entrez:REACTOME_INITIATION_OF_NUCLEAR_ENVELOPE_NE_REFORMATION	Mdd20102ac690
fgsea_msigdb_C2_CP_REACTOME_entrez:REACTOME_INOSITOL_PHOSPHATE_METABOLISM	M9fcd06691a84
fgsea_msigdb_C2_CP_REACTOME_entrez:REACTOME_INSERTION_OF_TAIL_ANCHORED_PROTEINS_INTO_THE_ENDOPLASMIC_RETICULUM_MEMBRANE	M628e748b5bf1
fgsea_msigdb_C2_CP_REACTOME_entrez:REACTOME_INSULIN_RECEPTOR_RECYCLING	M5f71a1b4b86c
fgsea_msigdb_C2_CP_REACTOME_entrez:REACTOME_INSULIN_RECEPTOR_SIGNALLING_CASCADE	M70f4e58dbd2c
fgsea_msigdb_C2_CP_REACTOME_entrez:REACTOME_INTEGRATION_OF_ENERGY_METABOLISM	M70f4e58dbd2c
fgsea_msigdb_C2_CP_REACTOME_entrez:REACTOME_INTEGRIN_CELL_SURFACE_INTERACTIONS	Mdd20102ac690
fgsea_msigdb_C2_CP_REACTOME_entrez:REACTOME_INTEGRIN_SIGNALING	Mdd20102ac690
fgsea_msigdb_C2_CP_REACTOME_entrez:REACTOME_INTERACTIONS_OF_REV_WITH_HOST_CELLULAR_PROTEINS	Mdd20102ac690
fgsea_msigdb_C2_CP_REACTOME_entrez:REACTOME_INTERACTIONS_OF_VPR_WITH_HOST_CELLULAR_PROTEINS	M70f4e58dbd2c
fgsea_msigdb_C2_CP_REACTOME_entrez:REACTOME_INTERACTION_BETWEEN_L1_AND_ANKYRINS	Mdd20102ac690
fgsea_msigdb_C2_CP_REACTOME_entrez:REACTOME_INTERCONVERSION_OF_NUCLEOTIDE_DI_AND_TRIPHOSPHATES	M9307c4fb61a7
fgsea_msigdb_C2_CP_REACTOME_entrez:REACTOME_INTERFERON_ALPHA_BETA_SIGNALING	Mdd20102ac690
fgsea_msigdb_C2_CP_REACTOME_entrez:REACTOME_INTERFERON_GAMMA_SIGNALING	Mdd20102ac690
fgsea_msigdb_C2_CP_REACTOME_entrez:REACTOME_INTERFERON_SIGNALING	Mdd20102ac690
fgsea_msigdb_C2_CP_REACTOME_entrez:REACTOME_INTERLEUKIN_10_SIGNALING	Md8099c4967b3
fgsea_msigdb_C2_CP_REACTOME_entrez:REACTOME_INTERLEUKIN_12_FAMILY_SIGNALING	Mdd20102ac690
fgsea_msigdb_C2_CP_REACTOME_entrez:REACTOME_INTERLEUKIN_12_SIGNALING	Mdd20102ac690
fgsea_msigdb_C2_CP_REACTOME_entrez:REACTOME_INTERLEUKIN_17_SIGNALING	Mdd20102ac690
fgsea_msigdb_C2_CP_REACTOME_entrez:REACTOME_INTERLEUKIN_1_FAMILY_SIGNALING	Mdd20102ac690
fgsea_msigdb_C2_CP_REACTOME_entrez:REACTOME_INTERLEUKIN_1_SIGNALING	Mdd20102ac690
fgsea_msigdb_C2_CP_REACTOME_entrez:REACTOME_INTERLEUKIN_2_FAMILY_SIGNALING	Mdd20102ac690
fgsea_msigdb_C2_CP_REACTOME_entrez:REACTOME_INTERLEUKIN_3_INTERLEUKIN_5_AND_GM_CSF_SIGNALING	M70f4e58dbd2c
fgsea_msigdb_C2_CP_REACTOME_entrez:REACTOME_INTERLEUKIN_4_AND_INTERLEUKIN_13_SIGNALING	Mdd20102ac690
fgsea_msigdb_C2_CP_REACTOME_entrez:REACTOME_INTERLEUKIN_6_FAMILY_SIGNALING	Mdd20102ac690
fgsea_msigdb_C2_CP_REACTOME_entrez:REACTOME_INTERLEUKIN_7_SIGNALING	Mdd20102ac690
fgsea_msigdb_C2_CP_REACTOME_entrez:REACTOME_INTERLEUKIN_RECEPTOR_SHC_SIGNALING	Mdd20102ac690
fgsea_msigdb_C2_CP_REACTOME_entrez:REACTOME_INTRACELLULAR_SIGNALING_BY_SECOND_MESSENGERS	M70f4e58dbd2c
fgsea_msigdb_C2_CP_REACTOME_entrez:REACTOME_INTRAFLAGELLAR_TRANSPORT	M5f0047d6a4b4
fgsea_msigdb_C2_CP_REACTOME_entrez:REACTOME_INTRA_GOLGI_AND_RETROGRADE_GOLGI_TO_ER_TRAFFIC	M70f4e58dbd2c
fgsea_msigdb_C2_CP_REACTOME_entrez:REACTOME_INTRA_GOLGI_TRAFFIC	M70f4e58dbd2c
fgsea_msigdb_C2_CP_REACTOME_entrez:REACTOME_INTRINSIC_PATHWAY_FOR_APOPTOSIS	Mfa13de4cc296
fgsea_msigdb_C2_CP_REACTOME_entrez:REACTOME_INTRINSIC_PATHWAY_OF_FIBRIN_CLOT_FORMATION	Mf95254dbb125
fgsea_msigdb_C2_CP_REACTOME_entrez:REACTOME_INWARDLY_RECTIFYING_K_CHANNELS	M70f4e58dbd2c
fgsea_msigdb_C2_CP_REACTOME_entrez:REACTOME_ION_CHANNEL_TRANSPORT	M70f4e58dbd2c
fgsea_msigdb_C2_CP_REACTOME_entrez:REACTOME_ION_HOMEOSTASIS	Mdd20102ac690
fgsea_msigdb_C2_CP_REACTOME_entrez:REACTOME_ION_TRANSPORT_BY_P_TYPE_ATPASES	M70f4e58dbd2c
fgsea_msigdb_C2_CP_REACTOME_entrez:REACTOME_IRAK4_DEFICIENCY_TLR2_4	Mdd20102ac690
fgsea_msigdb_C2_CP_REACTOME_entrez:REACTOME_IRE1ALPHA_ACTIVATES_CHAPERONES	M686f47bf956e
fgsea_msigdb_C2_CP_REACTOME_entrez:REACTOME_IRON_UPTAKE_AND_TRANSPORT	M70f4e58dbd2c
fgsea_msigdb_C2_CP_REACTOME_entrez:REACTOME_IRS_MEDIATED_SIGNALLING	M70f4e58dbd2c
fgsea_msigdb_C2_CP_REACTOME_entrez:REACTOME_ISG15_ANTIVIRAL_MECHANISM	M70f4e58dbd2c
fgsea_msigdb_C2_CP_REACTOME_entrez:REACTOME_JNK_C_JUN_KINASES_PHOSPHORYLATION_AND_ACTIVATION_MEDIATED_BY_ACTIVATED_HUMAN_TAK1	Mdd20102ac690
fgsea_msigdb_C2_CP_REACTOME_entrez:REACTOME_KEAP1_NFE2L2_PATHWAY	M70f4e58dbd2c
fgsea_msigdb_C2_CP_REACTOME_entrez:REACTOME_KERATAN_SULFATE_BIOSYNTHESIS	M70f4e58dbd2c
fgsea_msigdb_C2_CP_REACTOME_entrez:REACTOME_KERATAN_SULFATE_KERATIN_METABOLISM	M70f4e58dbd2c
fgsea_msigdb_C2_CP_REACTOME_entrez:REACTOME_KERATINIZATION	M1e415e2fb1e9
fgsea_msigdb_C2_CP_REACTOME_entrez:REACTOME_KIDNEY_DEVELOPMENT	Mc55ec4439b21
fgsea_msigdb_C2_CP_REACTOME_entrez:REACTOME_KINESINS	Mdd20102ac690
fgsea_msigdb_C2_CP_REACTOME_entrez:REACTOME_L1CAM_INTERACTIONS	Mdd20102ac690
fgsea_msigdb_C2_CP_REACTOME_entrez:REACTOME_LAGGING_STRAND_SYNTHESIS	Mdd20102ac690
fgsea_msigdb_C2_CP_REACTOME_entrez:REACTOME_LAMININ_INTERACTIONS	M70f4e58dbd2c
fgsea_msigdb_C2_CP_REACTOME_entrez:REACTOME_LATE_ENDOSOMAL_MICROAUTOPHAGY	M70f4e58dbd2c
fgsea_msigdb_C2_CP_REACTOME_entrez:REACTOME_LATE_SARS_COV_2_INFECTION_EVENTS	Mdd20102ac690
fgsea_msigdb_C2_CP_REACTOME_entrez:REACTOME_LEISHMANIA_INFECTION	M70f4e58dbd2c
fgsea_msigdb_C2_CP_REACTOME_entrez:REACTOME_LISTERIA_MONOCYTOGENES_ENTRY_INTO_HOST_CELLS	M70f4e58dbd2c
fgsea_msigdb_C2_CP_REACTOME_entrez:REACTOME_LONG_TERM_POTENTIATION	M70f4e58dbd2c
fgsea_msigdb_C2_CP_REACTOME_entrez:REACTOME_LYSOSOME_VESICLE_BIOGENESIS	M8d5316514bb1
fgsea_msigdb_C2_CP_REACTOME_entrez:REACTOME_MAP2K_AND_MAPK_ACTIVATION	Mdd20102ac690
fgsea_msigdb_C2_CP_REACTOME_entrez:REACTOME_MAPK1_MAPK3_SIGNALING	M70f4e58dbd2c
fgsea_msigdb_C2_CP_REACTOME_entrez:REACTOME_MAPK6_MAPK4_SIGNALING	M70f4e58dbd2c
fgsea_msigdb_C2_CP_REACTOME_entrez:REACTOME_MAPK_FAMILY_SIGNALING_CASCADES	M70f4e58dbd2c
fgsea_msigdb_C2_CP_REACTOME_entrez:REACTOME_MAPK_TARGETS_NUCLEAR_EVENTS_MEDIATED_BY_MAP_KINASES	Mdd20102ac690
fgsea_msigdb_C2_CP_REACTOME_entrez:REACTOME_MATERNAL_TO_ZYGOTIC_TRANSITION_MZT	Mdd20102ac690
fgsea_msigdb_C2_CP_REACTOME_entrez:REACTOME_MATURATION_OF_SARS_COV_2_SPIKE_PROTEIN	M53e16c8cec06
fgsea_msigdb_C2_CP_REACTOME_entrez:REACTOME_MECHANICAL_LOAD_ACTIVATES_SIGNALING_BY_PIEZO1_AND_INTEGRINS_IN_OSTEOCYTES	Mdd20102ac690
fgsea_msigdb_C2_CP_REACTOME_entrez:REACTOME_MECP2_REGULATES_NEURONAL_RECEPTORS_AND_CHANNELS	Mdd20102ac690
fgsea_msigdb_C2_CP_REACTOME_entrez:REACTOME_MEIOSIS	Mdd20102ac690
fgsea_msigdb_C2_CP_REACTOME_entrez:REACTOME_MEIOTIC_RECOMBINATION	Mdd20102ac690
fgsea_msigdb_C2_CP_REACTOME_entrez:REACTOME_MEIOTIC_SYNAPSIS	Mdd20102ac690
fgsea_msigdb_C2_CP_REACTOME_entrez:REACTOME_MEMBRANE_TRAFFICKING	M70f4e58dbd2c
fgsea_msigdb_C2_CP_REACTOME_entrez:REACTOME_METABOLIC_DISORDERS_OF_BIOLOGICAL_OXIDATION_ENZYMES	Mdd20102ac690
fgsea_msigdb_C2_CP_REACTOME_entrez:REACTOME_METABOLISM_OF_AMINO_ACIDS_AND_DERIVATIVES	Mdd20102ac690
fgsea_msigdb_C2_CP_REACTOME_entrez:REACTOME_METABOLISM_OF_ANGIOTENSINOGEN_TO_ANGIOTENSINS	M2535b6df1635
fgsea_msigdb_C2_CP_REACTOME_entrez:REACTOME_METABOLISM_OF_CARBOHYDRATES_AND_CARBOHYDRATE_DERIVATIVES	Mdd20102ac690
fgsea_msigdb_C2_CP_REACTOME_entrez:REACTOME_METABOLISM_OF_FAT_SOLUBLE_VITAMINS	Mdd20102ac690
fgsea_msigdb_C2_CP_REACTOME_entrez:REACTOME_METABOLISM_OF_LIPIDS	Mdd20102ac690
fgsea_msigdb_C2_CP_REACTOME_entrez:REACTOME_METABOLISM_OF_NUCLEOTIDES	Mcfd76b4d5bb7
fgsea_msigdb_C2_CP_REACTOME_entrez:REACTOME_METABOLISM_OF_POLYAMINES	Mdd20102ac690
fgsea_msigdb_C2_CP_REACTOME_entrez:REACTOME_METABOLISM_OF_PORPHYRINS	Mcfd76b4d5bb7
fgsea_msigdb_C2_CP_REACTOME_entrez:REACTOME_METABOLISM_OF_RNA	Mdd20102ac690
fgsea_msigdb_C2_CP_REACTOME_entrez:REACTOME_METABOLISM_OF_STEROIDS	Mdd20102ac690
fgsea_msigdb_C2_CP_REACTOME_entrez:REACTOME_METABOLISM_OF_STEROID_HORMONES	Mdd20102ac690
fgsea_msigdb_C2_CP_REACTOME_entrez:REACTOME_METABOLISM_OF_VITAMINS_AND_COFACTORS	Mdd20102ac690
fgsea_msigdb_C2_CP_REACTOME_entrez:REACTOME_METABOLISM_OF_WATER_SOLUBLE_VITAMINS_AND_COFACTORS	Mdd20102ac690
fgsea_msigdb_C2_CP_REACTOME_entrez:REACTOME_METALLOPROTEASE_DUBS	M70f4e58dbd2c
fgsea_msigdb_C2_CP_REACTOME_entrez:REACTOME_MET_ACTIVATES_PTK2_SIGNALING	Mdd20102ac690
fgsea_msigdb_C2_CP_REACTOME_entrez:REACTOME_MET_PROMOTES_CELL_MOTILITY	Mdd20102ac690
fgsea_msigdb_C2_CP_REACTOME_entrez:REACTOME_MHC_CLASS_II_ANTIGEN_PRESENTATION	M70f4e58dbd2c
fgsea_msigdb_C2_CP_REACTOME_entrez:REACTOME_MICRORNA_MIRNA_BIOGENESIS	Mdd20102ac690
fgsea_msigdb_C2_CP_REACTOME_entrez:REACTOME_MITF_M_DEPENDENT_GENE_EXPRESSION	Mdd20102ac690
fgsea_msigdb_C2_CP_REACTOME_entrez:REACTOME_MITF_M_REGULATED_MELANOCYTE_DEVELOPMENT	Mdd20102ac690
fgsea_msigdb_C2_CP_REACTOME_entrez:REACTOME_MITOCHONDRIAL_BIOGENESIS	Mdd20102ac690
fgsea_msigdb_C2_CP_REACTOME_entrez:REACTOME_MITOCHONDRIAL_FATTY_ACID_BETA_OXIDATION	Mdd20102ac690
fgsea_msigdb_C2_CP_REACTOME_entrez:REACTOME_MITOCHONDRIAL_PROTEIN_DEGRADATION	Mdd20102ac690
fgsea_msigdb_C2_CP_REACTOME_entrez:REACTOME_MITOCHONDRIAL_PROTEIN_IMPORT	Mdd20102ac690
fgsea_msigdb_C2_CP_REACTOME_entrez:REACTOME_MITOCHONDRIAL_TRANSLATION	M169617cee57c
fgsea_msigdb_C2_CP_REACTOME_entrez:REACTOME_MITOCHONDRIAL_UNFOLDED_PROTEIN_RESPONSE_UPRMT	M51c7c7e90bc8
fgsea_msigdb_C2_CP_REACTOME_entrez:REACTOME_MITOPHAGY	M70f4e58dbd2c
fgsea_msigdb_C2_CP_REACTOME_entrez:REACTOME_MITOTIC_G1_PHASE_AND_G1_S_TRANSITION	M70f4e58dbd2c
fgsea_msigdb_C2_CP_REACTOME_entrez:REACTOME_MITOTIC_G2_G2_M_PHASES	Mdd20102ac690
fgsea_msigdb_C2_CP_REACTOME_entrez:REACTOME_MITOTIC_METAPHASE_AND_ANAPHASE	M70f4e58dbd2c
fgsea_msigdb_C2_CP_REACTOME_entrez:REACTOME_MITOTIC_PROMETAPHASE	Mdd20102ac690
fgsea_msigdb_C2_CP_REACTOME_entrez:REACTOME_MITOTIC_PROPHASE	Mdd20102ac690
fgsea_msigdb_C2_CP_REACTOME_entrez:REACTOME_MITOTIC_SPINDLE_CHECKPOINT	M70f4e58dbd2c
fgsea_msigdb_C2_CP_REACTOME_entrez:REACTOME_MOLECULES_ASSOCIATED_WITH_ELASTIC_FIBRES	Mdd20102ac690
fgsea_msigdb_C2_CP_REACTOME_entrez:REACTOME_MRNA_CAPPING	Mdd20102ac690
fgsea_msigdb_C2_CP_REACTOME_entrez:REACTOME_MRNA_SPLICING	M70f4e58dbd2c
fgsea_msigdb_C2_CP_REACTOME_entrez:REACTOME_MRNA_SPLICING_MINOR_PATHWAY	M70f4e58dbd2c
fgsea_msigdb_C2_CP_REACTOME_entrez:REACTOME_MTOR_SIGNALLING	Mce6a75135a02
fgsea_msigdb_C2_CP_REACTOME_entrez:REACTOME_MUSCLE_CONTRACTION	Mdd20102ac690
fgsea_msigdb_C2_CP_REACTOME_entrez:REACTOME_MYD88_INDEPENDENT_TLR4_CASCADE	Mdd20102ac690
fgsea_msigdb_C2_CP_REACTOME_entrez:REACTOME_MYOGENESIS	Mdd20102ac690
fgsea_msigdb_C2_CP_REACTOME_entrez:REACTOME_M_DECAY_DEGRADATION_OF_MATERNAL_MRNAS_BY_MATERNALLY_STORED_FACTORS	Mdd20102ac690
fgsea_msigdb_C2_CP_REACTOME_entrez:REACTOME_M_PHASE	Mdd20102ac690
fgsea_msigdb_C2_CP_REACTOME_entrez:REACTOME_NA_CL_DEPENDENT_NEUROTRANSMITTER_TRANSPORTERS	M70f4e58dbd2c
fgsea_msigdb_C2_CP_REACTOME_entrez:REACTOME_NCAM1_INTERACTIONS	M70f4e58dbd2c
fgsea_msigdb_C2_CP_REACTOME_entrez:REACTOME_NCAM_SIGNALING_FOR_NEURITE_OUT_GROWTH	M70f4e58dbd2c
fgsea_msigdb_C2_CP_REACTOME_entrez:REACTOME_NEDDYLATION	Mdd20102ac690
fgsea_msigdb_C2_CP_REACTOME_entrez:REACTOME_NEF_MEDIATES_DOWN_MODULATION_OF_CELL_SURFACE_RECEPTORS_BY_RECRUITING_THEM_TO_CLATHRIN_ADAPTERS	Mdd20102ac690
fgsea_msigdb_C2_CP_REACTOME_entrez:REACTOME_NEGATIVE_EPIGENETIC_REGULATION_OF_RRNA_EXPRESSION	Mdd20102ac690
fgsea_msigdb_C2_CP_REACTOME_entrez:REACTOME_NEGATIVE_REGULATION_OF_FGFR1_SIGNALING	M70f4e58dbd2c
fgsea_msigdb_C2_CP_REACTOME_entrez:REACTOME_NEGATIVE_REGULATION_OF_FGFR2_SIGNALING	M70f4e58dbd2c
fgsea_msigdb_C2_CP_REACTOME_entrez:REACTOME_NEGATIVE_REGULATION_OF_FGFR3_SIGNALING	M70f4e58dbd2c
fgsea_msigdb_C2_CP_REACTOME_entrez:REACTOME_NEGATIVE_REGULATION_OF_FGFR4_SIGNALING	M70f4e58dbd2c
fgsea_msigdb_C2_CP_REACTOME_entrez:REACTOME_NEGATIVE_REGULATION_OF_MAPK_PATHWAY	M70f4e58dbd2c
fgsea_msigdb_C2_CP_REACTOME_entrez:REACTOME_NEGATIVE_REGULATION_OF_MET_ACTIVITY	M70f4e58dbd2c
fgsea_msigdb_C2_CP_REACTOME_entrez:REACTOME_NEGATIVE_REGULATION_OF_NMDA_RECEPTOR_MEDIATED_NEURONAL_TRANSMISSION	M70f4e58dbd2c
fgsea_msigdb_C2_CP_REACTOME_entrez:REACTOME_NEGATIVE_REGULATION_OF_NOTCH4_SIGNALING	M70f4e58dbd2c
fgsea_msigdb_C2_CP_REACTOME_entrez:REACTOME_NEGATIVE_REGULATION_OF_THE_PI3K_AKT_NETWORK	Mdd20102ac690
fgsea_msigdb_C2_CP_REACTOME_entrez:REACTOME_NEGATIVE_REGULATORS_OF_DDX58_IFIH1_SIGNALING	M70f4e58dbd2c
fgsea_msigdb_C2_CP_REACTOME_entrez:REACTOME_NEPHRIN_FAMILY_INTERACTIONS	M70f4e58dbd2c
fgsea_msigdb_C2_CP_REACTOME_entrez:REACTOME_NERVOUS_SYSTEM_DEVELOPMENT	M70f4e58dbd2c
fgsea_msigdb_C2_CP_REACTOME_entrez:REACTOME_NETRIN_1_SIGNALING	M608e2914955d
fgsea_msigdb_C2_CP_REACTOME_entrez:REACTOME_NEUREXINS_AND_NEUROLIGINS	M70f4e58dbd2c
fgsea_msigdb_C2_CP_REACTOME_entrez:REACTOME_NEURONAL_SYSTEM	Mdd20102ac690
fgsea_msigdb_C2_CP_REACTOME_entrez:REACTOME_NEUROTRANSMITTER_RECEPTORS_AND_POSTSYNAPTIC_SIGNAL_TRANSMISSION	Mdd20102ac690
fgsea_msigdb_C2_CP_REACTOME_entrez:REACTOME_NEUROTRANSMITTER_RELEASE_CYCLE	M70f4e58dbd2c
fgsea_msigdb_C2_CP_REACTOME_entrez:REACTOME_NEUTROPHIL_DEGRANULATION	Me2a8e73e7669
fgsea_msigdb_C2_CP_REACTOME_entrez:REACTOME_NFE2L2_REGULATING_ANTI_OXIDANT_DETOXIFICATION_ENZYMES	Mdd20102ac690
fgsea_msigdb_C2_CP_REACTOME_entrez:REACTOME_NGF_STIMULATED_TRANSCRIPTION	Mdd20102ac690
fgsea_msigdb_C2_CP_REACTOME_entrez:REACTOME_NITRIC_OXIDE_STIMULATES_GUANYLATE_CYCLASE	Mdd20102ac690
fgsea_msigdb_C2_CP_REACTOME_entrez:REACTOME_NOD1_2_SIGNALING_PATHWAY	Mdd20102ac690
fgsea_msigdb_C2_CP_REACTOME_entrez:REACTOME_NONHOMOLOGOUS_END_JOINING_NHEJ	Mdd20102ac690
fgsea_msigdb_C2_CP_REACTOME_entrez:REACTOME_NONSENSE_MEDIATED_DECAY_NMD	Mdd20102ac690
fgsea_msigdb_C2_CP_REACTOME_entrez:REACTOME_NON_INTEGRIN_MEMBRANE_ECM_INTERACTIONS	Mdd20102ac690
fgsea_msigdb_C2_CP_REACTOME_entrez:REACTOME_NOREPINEPHRINE_NEUROTRANSMITTER_RELEASE_CYCLE	M70f4e58dbd2c
fgsea_msigdb_C2_CP_REACTOME_entrez:REACTOME_NOTCH1_INTRACELLULAR_DOMAIN_REGULATES_TRANSCRIPTION	Mdd20102ac690
fgsea_msigdb_C2_CP_REACTOME_entrez:REACTOME_NOTCH3_ACTIVATION_AND_TRANSMISSION_OF_SIGNAL_TO_THE_NUCLEUS	M70f4e58dbd2c
fgsea_msigdb_C2_CP_REACTOME_entrez:REACTOME_NOTCH3_INTRACELLULAR_DOMAIN_REGULATES_TRANSCRIPTION	Mdd20102ac690
fgsea_msigdb_C2_CP_REACTOME_entrez:REACTOME_NOTCH_HLH_TRANSCRIPTION_PATHWAY	Mdd20102ac690
fgsea_msigdb_C2_CP_REACTOME_entrez:REACTOME_NPAS4_REGULATES_EXPRESSION_OF_TARGET_GENES	M63b650ccfb99
fgsea_msigdb_C2_CP_REACTOME_entrez:REACTOME_NR1H2_AND_NR1H3_MEDIATED_SIGNALING	Mdd20102ac690
fgsea_msigdb_C2_CP_REACTOME_entrez:REACTOME_NR1H3_NR1H2_REGULATE_GENE_EXPRESSION_LINKED_TO_CHOLESTEROL_TRANSPORT_AND_EFFLUX	Mdd20102ac690
fgsea_msigdb_C2_CP_REACTOME_entrez:REACTOME_NRAGE_SIGNALS_DEATH_THROUGH_JNK	M70f4e58dbd2c
fgsea_msigdb_C2_CP_REACTOME_entrez:REACTOME_NS1_MEDIATED_EFFECTS_ON_HOST_PATHWAYS	Mdd20102ac690
fgsea_msigdb_C2_CP_REACTOME_entrez:REACTOME_NUCLEAR_ENVELOPE_BREAKDOWN	Mdd20102ac690
fgsea_msigdb_C2_CP_REACTOME_entrez:REACTOME_NUCLEAR_ENVELOPE_NE_REASSEMBLY	Mdd20102ac690
fgsea_msigdb_C2_CP_REACTOME_entrez:REACTOME_NUCLEAR_EVENTS_KINASE_AND_TRANSCRIPTION_FACTOR_ACTIVATION	Mdd20102ac690
fgsea_msigdb_C2_CP_REACTOME_entrez:REACTOME_NUCLEAR_EVENTS_MEDIATED_BY_NFE2L2	M70f4e58dbd2c
fgsea_msigdb_C2_CP_REACTOME_entrez:REACTOME_NUCLEAR_EVENTS_STIMULATED_BY_ALK_SIGNALING_IN_CANCER	Mdd20102ac690
fgsea_msigdb_C2_CP_REACTOME_entrez:REACTOME_NUCLEAR_IMPORT_OF_REV_PROTEIN	M70f4e58dbd2c
fgsea_msigdb_C2_CP_REACTOME_entrez:REACTOME_NUCLEAR_PORE_COMPLEX_NPC_DISASSEMBLY	Mdd20102ac690
fgsea_msigdb_C2_CP_REACTOME_entrez:REACTOME_NUCLEAR_RECEPTOR_TRANSCRIPTION_PATHWAY	Me71f0d5608a0
fgsea_msigdb_C2_CP_REACTOME_entrez:REACTOME_NUCLEAR_SIGNALING_BY_ERBB4	Mdd20102ac690
fgsea_msigdb_C2_CP_REACTOME_entrez:REACTOME_NUCLEOTIDE_BINDING_DOMAIN_LEUCINE_RICH_REPEAT_CONTAINING_RECEPTOR_NLR_SIGNALING_PATHWAYS	Mdd20102ac690
fgsea_msigdb_C2_CP_REACTOME_entrez:REACTOME_NUCLEOTIDE_CATABOLISM	Mcfd76b4d5bb7
fgsea_msigdb_C2_CP_REACTOME_entrez:REACTOME_NUCLEOTIDE_EXCISION_REPAIR	Mdd20102ac690
fgsea_msigdb_C2_CP_REACTOME_entrez:REACTOME_NUCLEOTIDE_SALVAGE	Mcfd76b4d5bb7
fgsea_msigdb_C2_CP_REACTOME_entrez:REACTOME_N_GLYCAN_ANTENNAE_ELONGATION_IN_THE_MEDIAL_TRANS_GOLGI	Mce761e988bee
fgsea_msigdb_C2_CP_REACTOME_entrez:REACTOME_N_GLYCAN_TRIMMING_IN_THE_ER_AND_CALNEXIN_CALRETICULIN_CYCLE	M70f4e58dbd2c
fgsea_msigdb_C2_CP_REACTOME_entrez:REACTOME_OLFACTORY_SIGNALING_PATHWAY	Md641cd5778f4
fgsea_msigdb_C2_CP_REACTOME_entrez:REACTOME_ONCOGENE_INDUCED_SENESCENCE	M70f4e58dbd2c
fgsea_msigdb_C2_CP_REACTOME_entrez:REACTOME_ONCOGENIC_MAPK_SIGNALING	M70f4e58dbd2c
fgsea_msigdb_C2_CP_REACTOME_entrez:REACTOME_OPIOID_SIGNALLING	Mdd20102ac690
fgsea_msigdb_C2_CP_REACTOME_entrez:REACTOME_ORC1_REMOVAL_FROM_CHROMATIN	M70f4e58dbd2c
fgsea_msigdb_C2_CP_REACTOME_entrez:REACTOME_ORGANELLE_BIOGENESIS_AND_MAINTENANCE	Mdd20102ac690
fgsea_msigdb_C2_CP_REACTOME_entrez:REACTOME_OTHER_INTERLEUKIN_SIGNALING	Maedc2612996b
fgsea_msigdb_C2_CP_REACTOME_entrez:REACTOME_OVARIAN_TUMOR_DOMAIN_PROTEASES	M70f4e58dbd2c
fgsea_msigdb_C2_CP_REACTOME_entrez:REACTOME_OXIDATIVE_STRESS_INDUCED_SENESCENCE	Mdd20102ac690
fgsea_msigdb_C2_CP_REACTOME_entrez:REACTOME_O_GLYCOSYLATION_OF_TSR_DOMAIN_CONTAINING_PROTEINS	M70f4e58dbd2c
fgsea_msigdb_C2_CP_REACTOME_entrez:REACTOME_O_LINKED_GLYCOSYLATION	M70f4e58dbd2c
fgsea_msigdb_C2_CP_REACTOME_entrez:REACTOME_O_LINKED_GLYCOSYLATION_OF_MUCINS	M70f4e58dbd2c
fgsea_msigdb_C2_CP_REACTOME_entrez:REACTOME_P75NTR_SIGNALS_VIA_NF_KB	M70f4e58dbd2c
fgsea_msigdb_C2_CP_REACTOME_entrez:REACTOME_P75_NTR_RECEPTOR_MEDIATED_SIGNALLING	M70f4e58dbd2c
fgsea_msigdb_C2_CP_REACTOME_entrez:REACTOME_PARACETAMOL_ADME	Mcfd76b4d5bb7
fgsea_msigdb_C2_CP_REACTOME_entrez:REACTOME_PARASITE_INFECTION	M70f4e58dbd2c
fgsea_msigdb_C2_CP_REACTOME_entrez:REACTOME_PCNA_DEPENDENT_LONG_PATCH_BASE_EXCISION_REPAIR	Mdd20102ac690
fgsea_msigdb_C2_CP_REACTOME_entrez:REACTOME_PCP_CE_PATHWAY	M70f4e58dbd2c
fgsea_msigdb_C2_CP_REACTOME_entrez:REACTOME_PEPTIDE_HORMONE_METABOLISM	M96ebc0005cb8
fgsea_msigdb_C2_CP_REACTOME_entrez:REACTOME_PEPTIDE_LIGAND_BINDING_RECEPTORS	M912e083b5047
fgsea_msigdb_C2_CP_REACTOME_entrez:REACTOME_PERK_REGULATES_GENE_EXPRESSION	Mdd20102ac690
fgsea_msigdb_C2_CP_REACTOME_entrez:REACTOME_PEROXISOMAL_LIPID_METABOLISM	M5b01c990d0f5
fgsea_msigdb_C2_CP_REACTOME_entrez:REACTOME_PEROXISOMAL_PROTEIN_IMPORT	M5b01c990d0f5
fgsea_msigdb_C2_CP_REACTOME_entrez:REACTOME_PHASE_0_RAPID_DEPOLARISATION	Mdd20102ac690
fgsea_msigdb_C2_CP_REACTOME_entrez:REACTOME_PHASE_II_CONJUGATION_OF_COMPOUNDS	Mcfd76b4d5bb7
fgsea_msigdb_C2_CP_REACTOME_entrez:REACTOME_PHASE_I_FUNCTIONALIZATION_OF_COMPOUNDS	Mdd20102ac690
fgsea_msigdb_C2_CP_REACTOME_entrez:REACTOME_PHOSPHOLIPASE_C_MEDIATED_CASCADE_FGFR2	M70f4e58dbd2c
fgsea_msigdb_C2_CP_REACTOME_entrez:REACTOME_PHOSPHOLIPID_METABOLISM	Mdd20102ac690
fgsea_msigdb_C2_CP_REACTOME_entrez:REACTOME_PHOSPHORYLATED_BMAL1_CLOCK_ARNTL_CLOCK_ACTIVATES_EXPRESSION_OF_CORE_CLOCK_GENES	Mdd20102ac690
fgsea_msigdb_C2_CP_REACTOME_entrez:REACTOME_PI3K_AKT_SIGNALING_IN_CANCER	M70f4e58dbd2c
fgsea_msigdb_C2_CP_REACTOME_entrez:REACTOME_PI3K_EVENTS_IN_ERBB2_SIGNALING	Mdd20102ac690
fgsea_msigdb_C2_CP_REACTOME_entrez:REACTOME_PINK1_PRKN_MEDIATED_MITOPHAGY	M70f4e58dbd2c
fgsea_msigdb_C2_CP_REACTOME_entrez:REACTOME_PIWI_INTERACTING_RNA_PIRNA_BIOGENESIS	Mdd20102ac690
fgsea_msigdb_C2_CP_REACTOME_entrez:REACTOME_PI_3K_CASCADE_FGFR1	M70f4e58dbd2c
fgsea_msigdb_C2_CP_REACTOME_entrez:REACTOME_PI_3K_CASCADE_FGFR2	M70f4e58dbd2c
fgsea_msigdb_C2_CP_REACTOME_entrez:REACTOME_PI_3K_CASCADE_FGFR3	M70f4e58dbd2c
fgsea_msigdb_C2_CP_REACTOME_entrez:REACTOME_PI_3K_CASCADE_FGFR4	M70f4e58dbd2c
fgsea_msigdb_C2_CP_REACTOME_entrez:REACTOME_PI_METABOLISM	Mdd20102ac690
fgsea_msigdb_C2_CP_REACTOME_entrez:REACTOME_PKA_ACTIVATION_IN_GLUCAGON_SIGNALLING	M70f4e58dbd2c
fgsea_msigdb_C2_CP_REACTOME_entrez:REACTOME_PKA_MEDIATED_PHOSPHORYLATION_OF_CREB	M70f4e58dbd2c
fgsea_msigdb_C2_CP_REACTOME_entrez:REACTOME_PKMTS_METHYLATE_HISTONE_LYSINES	Mdd20102ac690
fgsea_msigdb_C2_CP_REACTOME_entrez:REACTOME_PKR_MEDIATED_SIGNALING	Mdd20102ac690
fgsea_msigdb_C2_CP_REACTOME_entrez:REACTOME_PLASMA_LIPOPROTEIN_ASSEMBLY	M3712a7f5e6cd
fgsea_msigdb_C2_CP_REACTOME_entrez:REACTOME_PLASMA_LIPOPROTEIN_ASSEMBLY_REMODELING_AND_CLEARANCE	Mdd20102ac690
fgsea_msigdb_C2_CP_REACTOME_entrez:REACTOME_PLASMA_LIPOPROTEIN_CLEARANCE	Mdd20102ac690
fgsea_msigdb_C2_CP_REACTOME_entrez:REACTOME_PLASMA_LIPOPROTEIN_REMODELING	Mdd20102ac690
fgsea_msigdb_C2_CP_REACTOME_entrez:REACTOME_PLATELET_ACTIVATION_SIGNALING_AND_AGGREGATION	Mdd20102ac690
fgsea_msigdb_C2_CP_REACTOME_entrez:REACTOME_PLATELET_ADHESION_TO_EXPOSED_COLLAGEN	M6fdcd806ba80
fgsea_msigdb_C2_CP_REACTOME_entrez:REACTOME_PLATELET_AGGREGATION_PLUG_FORMATION	Mdd20102ac690
fgsea_msigdb_C2_CP_REACTOME_entrez:REACTOME_PLATELET_CALCIUM_HOMEOSTASIS	Me8cf32cf02c6
fgsea_msigdb_C2_CP_REACTOME_entrez:REACTOME_PLATELET_HOMEOSTASIS	Mdd20102ac690
fgsea_msigdb_C2_CP_REACTOME_entrez:REACTOME_PLATELET_SENSITIZATION_BY_LDL	Mdd20102ac690
fgsea_msigdb_C2_CP_REACTOME_entrez:REACTOME_POSITIVE_EPIGENETIC_REGULATION_OF_RRNA_EXPRESSION	Mdd20102ac690
fgsea_msigdb_C2_CP_REACTOME_entrez:REACTOME_POST_TRANSLATIONAL_MODIFICATION_SYNTHESIS_OF_GPI_ANCHORED_PROTEINS	M37fb0578cc20
fgsea_msigdb_C2_CP_REACTOME_entrez:REACTOME_POTASSIUM_CHANNELS	M70f4e58dbd2c
fgsea_msigdb_C2_CP_REACTOME_entrez:REACTOME_POTENTIAL_THERAPEUTICS_FOR_SARS	Mdd20102ac690
fgsea_msigdb_C2_CP_REACTOME_entrez:REACTOME_PRC2_METHYLATES_HISTONES_AND_DNA	Mdd20102ac690
fgsea_msigdb_C2_CP_REACTOME_entrez:REACTOME_PRESYNAPTIC_FUNCTION_OF_KAINATE_RECEPTORS	Md536f434de6f
fgsea_msigdb_C2_CP_REACTOME_entrez:REACTOME_PRE_NOTCH_EXPRESSION_AND_PROCESSING	Mdd20102ac690
fgsea_msigdb_C2_CP_REACTOME_entrez:REACTOME_PRE_NOTCH_PROCESSING_IN_GOLGI	M70f4e58dbd2c
fgsea_msigdb_C2_CP_REACTOME_entrez:REACTOME_PROCESSING_OF_CAPPED_INTRONLESS_PRE_MRNA	M70f4e58dbd2c
fgsea_msigdb_C2_CP_REACTOME_entrez:REACTOME_PROCESSING_OF_CAPPED_INTRON_CONTAINING_PRE_MRNA	M70f4e58dbd2c
fgsea_msigdb_C2_CP_REACTOME_entrez:REACTOME_PROCESSING_OF_DNA_DOUBLE_STRAND_BREAK_ENDS	Mdd20102ac690
fgsea_msigdb_C2_CP_REACTOME_entrez:REACTOME_PROGRAMMED_CELL_DEATH	M70f4e58dbd2c
fgsea_msigdb_C2_CP_REACTOME_entrez:REACTOME_PROTEASOME_ASSEMBLY	M70f4e58dbd2c
fgsea_msigdb_C2_CP_REACTOME_entrez:REACTOME_PROTEIN_FOLDING	M0391c561a82d
fgsea_msigdb_C2_CP_REACTOME_entrez:REACTOME_PROTEIN_LOCALIZATION	M5b01c990d0f5
fgsea_msigdb_C2_CP_REACTOME_entrez:REACTOME_PROTEIN_PROTEIN_INTERACTIONS_AT_SYNAPSES	M70f4e58dbd2c
fgsea_msigdb_C2_CP_REACTOME_entrez:REACTOME_PROTEIN_UBIQUITINATION	Mdd20102ac690
fgsea_msigdb_C2_CP_REACTOME_entrez:REACTOME_PTEN_REGULATION	M70f4e58dbd2c
fgsea_msigdb_C2_CP_REACTOME_entrez:REACTOME_PURINERGIC_SIGNALING_IN_LEISHMANIASIS_INFECTION	M70f4e58dbd2c
fgsea_msigdb_C2_CP_REACTOME_entrez:REACTOME_PYROPTOSIS	M70f4e58dbd2c
fgsea_msigdb_C2_CP_REACTOME_entrez:REACTOME_PYRUVATE_METABOLISM	M70f4e58dbd2c
fgsea_msigdb_C2_CP_REACTOME_entrez:REACTOME_RAB_GEFS_EXCHANGE_GTP_FOR_GDP_ON_RABS	Mdd20102ac690
fgsea_msigdb_C2_CP_REACTOME_entrez:REACTOME_RAB_GERANYLGERANYLATION	Mdd20102ac690
fgsea_msigdb_C2_CP_REACTOME_entrez:REACTOME_RAB_REGULATION_OF_TRAFFICKING	Mdd20102ac690
fgsea_msigdb_C2_CP_REACTOME_entrez:REACTOME_RAC1_GTPASE_CYCLE	M70f4e58dbd2c
fgsea_msigdb_C2_CP_REACTOME_entrez:REACTOME_RAC2_GTPASE_CYCLE	M70f4e58dbd2c
fgsea_msigdb_C2_CP_REACTOME_entrez:REACTOME_RAC3_GTPASE_CYCLE	M70f4e58dbd2c
fgsea_msigdb_C2_CP_REACTOME_entrez:REACTOME_RAF_ACTIVATION	M70f4e58dbd2c
fgsea_msigdb_C2_CP_REACTOME_entrez:REACTOME_RAF_INDEPENDENT_MAPK1_3_ACTIVATION	Mdd86ff69243d
fgsea_msigdb_C2_CP_REACTOME_entrez:REACTOME_RAP1_SIGNALLING	M0090af4a9202
fgsea_msigdb_C2_CP_REACTOME_entrez:REACTOME_RAS_ACTIVATION_UPON_CA2_INFLUX_THROUGH_NMDA_RECEPTOR	M70f4e58dbd2c
fgsea_msigdb_C2_CP_REACTOME_entrez:REACTOME_RAS_PROCESSING	M70f4e58dbd2c
fgsea_msigdb_C2_CP_REACTOME_entrez:REACTOME_RECOGNITION_AND_ASSOCIATION_OF_DNA_GLYCOSYLASE_WITH_SITE_CONTAINING_AN_AFFECTED_PURINE	Mdd20102ac690
fgsea_msigdb_C2_CP_REACTOME_entrez:REACTOME_RECOGNITION_OF_DNA_DAMAGE_BY_PCNA_CONTAINING_REPLICATION_COMPLEX	M70f4e58dbd2c
fgsea_msigdb_C2_CP_REACTOME_entrez:REACTOME_RECRUITMENT_OF_MITOTIC_CENTROSOME_PROTEINS_AND_COMPLEXES	Mdd20102ac690
fgsea_msigdb_C2_CP_REACTOME_entrez:REACTOME_RECRUITMENT_OF_NUMA_TO_MITOTIC_CENTROSOMES	Mdd20102ac690
fgsea_msigdb_C2_CP_REACTOME_entrez:REACTOME_RECYCLING_PATHWAY_OF_L1	Mdd20102ac690
fgsea_msigdb_C2_CP_REACTOME_entrez:REACTOME_REGULATED_NECROSIS	M70f4e58dbd2c
fgsea_msigdb_C2_CP_REACTOME_entrez:REACTOME_REGULATION_OF_APOPTOSIS	M70f4e58dbd2c
fgsea_msigdb_C2_CP_REACTOME_entrez:REACTOME_REGULATION_OF_BETA_CELL_DEVELOPMENT	Mdd20102ac690
fgsea_msigdb_C2_CP_REACTOME_entrez:REACTOME_REGULATION_OF_CHOLESTEROL_BIOSYNTHESIS_BY_SREBP_SREBF	Mdd20102ac690
fgsea_msigdb_C2_CP_REACTOME_entrez:REACTOME_REGULATION_OF_ENDOGENOUS_RETROELEMENTS	Mdd20102ac690
fgsea_msigdb_C2_CP_REACTOME_entrez:REACTOME_REGULATION_OF_ENDOGENOUS_RETROELEMENTS_BY_KRAB_ZFP_PROTEINS	Mdd20102ac690
fgsea_msigdb_C2_CP_REACTOME_entrez:REACTOME_REGULATION_OF_ENDOGENOUS_RETROELEMENTS_BY_PIWI_INTERACTING_RNAS_PIRNAS	Mdd20102ac690
fgsea_msigdb_C2_CP_REACTOME_entrez:REACTOME_REGULATION_OF_ENDOGENOUS_RETROELEMENTS_BY_THE_HUMAN_SILENCING_HUB_HUSH_COMPLEX	Mdd20102ac690
fgsea_msigdb_C2_CP_REACTOME_entrez:REACTOME_REGULATION_OF_EXPRESSION_OF_SLITS_AND_ROBOS	Mdd20102ac690
fgsea_msigdb_C2_CP_REACTOME_entrez:REACTOME_REGULATION_OF_GENE_EXPRESSION_IN_BETA_CELLS	Mdd20102ac690
fgsea_msigdb_C2_CP_REACTOME_entrez:REACTOME_REGULATION_OF_GLUCOKINASE_BY_GLUCOKINASE_REGULATORY_PROTEIN	Ma04dd7266e64
fgsea_msigdb_C2_CP_REACTOME_entrez:REACTOME_REGULATION_OF_HOMOTYPIC_CELL_CELL_ADHESION	M70f4e58dbd2c
fgsea_msigdb_C2_CP_REACTOME_entrez:REACTOME_REGULATION_OF_HSF1_MEDIATED_HEAT_SHOCK_RESPONSE	Mdd20102ac690
fgsea_msigdb_C2_CP_REACTOME_entrez:REACTOME_REGULATION_OF_IFNA_IFNB_SIGNALING	M408c5019ffa1
fgsea_msigdb_C2_CP_REACTOME_entrez:REACTOME_REGULATION_OF_INSULIN_LIKE_GROWTH_FACTOR_IGF_TRANSPORT_AND_UPTAKE_BY_INSULIN_LIKE_GROWTH_FACTOR_BINDING_PROTEINS_IGFBPS	Mdd20102ac690
fgsea_msigdb_C2_CP_REACTOME_entrez:REACTOME_REGULATION_OF_INSULIN_SECRETION	M70f4e58dbd2c
fgsea_msigdb_C2_CP_REACTOME_entrez:REACTOME_REGULATION_OF_KIT_SIGNALING	Mcef223050118
fgsea_msigdb_C2_CP_REACTOME_entrez:REACTOME_REGULATION_OF_LIPID_METABOLISM_BY_PPARALPHA	Mdd20102ac690
fgsea_msigdb_C2_CP_REACTOME_entrez:REACTOME_REGULATION_OF_MECP2_EXPRESSION_AND_ACTIVITY	Mdd20102ac690
fgsea_msigdb_C2_CP_REACTOME_entrez:REACTOME_REGULATION_OF_MITF_M_DEPENDENT_GENES_INVOLVED_IN_CELL_CYCLE_AND_PROLIFERATION	M1673fd23de67
fgsea_msigdb_C2_CP_REACTOME_entrez:REACTOME_REGULATION_OF_MITF_M_DEPENDENT_GENES_INVOLVED_IN_PIGMENTATION	Mdd20102ac690
fgsea_msigdb_C2_CP_REACTOME_entrez:REACTOME_REGULATION_OF_MRNA_STABILITY_BY_PROTEINS_THAT_BIND_AU_RICH_ELEMENTS	M70f4e58dbd2c
fgsea_msigdb_C2_CP_REACTOME_entrez:REACTOME_REGULATION_OF_NF_KAPPA_B_SIGNALING	M70f4e58dbd2c
fgsea_msigdb_C2_CP_REACTOME_entrez:REACTOME_REGULATION_OF_ORNITHINE_DECARBOXYLASE_ODC	M70f4e58dbd2c
fgsea_msigdb_C2_CP_REACTOME_entrez:REACTOME_REGULATION_OF_PLK1_ACTIVITY_AT_G2_M_TRANSITION	Mdd20102ac690
fgsea_msigdb_C2_CP_REACTOME_entrez:REACTOME_REGULATION_OF_PTEN_GENE_TRANSCRIPTION	Mdd20102ac690
fgsea_msigdb_C2_CP_REACTOME_entrez:REACTOME_REGULATION_OF_PTEN_STABILITY_AND_ACTIVITY	M70f4e58dbd2c
fgsea_msigdb_C2_CP_REACTOME_entrez:REACTOME_REGULATION_OF_PYRUVATE_METABOLISM	M70f4e58dbd2c
fgsea_msigdb_C2_CP_REACTOME_entrez:REACTOME_REGULATION_OF_RAS_BY_GAPS	M70f4e58dbd2c
fgsea_msigdb_C2_CP_REACTOME_entrez:REACTOME_REGULATION_OF_RUNX2_EXPRESSION_AND_ACTIVITY	Mdd20102ac690
fgsea_msigdb_C2_CP_REACTOME_entrez:REACTOME_REGULATION_OF_RUNX3_EXPRESSION_AND_ACTIVITY	M70f4e58dbd2c
fgsea_msigdb_C2_CP_REACTOME_entrez:REACTOME_REGULATION_OF_SIGNALING_BY_CBL	M70f4e58dbd2c
fgsea_msigdb_C2_CP_REACTOME_entrez:REACTOME_REGULATION_OF_TLR_BY_ENDOGENOUS_LIGAND	Mdd20102ac690
fgsea_msigdb_C2_CP_REACTOME_entrez:REACTOME_REGULATION_OF_TP53_ACTIVITY	Mdd20102ac690
fgsea_msigdb_C2_CP_REACTOME_entrez:REACTOME_REGULATION_OF_TP53_ACTIVITY_THROUGH_ACETYLATION	Mdd20102ac690
fgsea_msigdb_C2_CP_REACTOME_entrez:REACTOME_REGULATION_OF_TP53_ACTIVITY_THROUGH_PHOSPHORYLATION	Mdd20102ac690
fgsea_msigdb_C2_CP_REACTOME_entrez:REACTOME_REGULATION_OF_TP53_EXPRESSION_AND_DEGRADATION	Mdd20102ac690
fgsea_msigdb_C2_CP_REACTOME_entrez:REACTOME_REGULATION_OF_T_CELL_ACTIVATION_BY_CD28_FAMILY	Mdd20102ac690
fgsea_msigdb_C2_CP_REACTOME_entrez:REACTOME_REPLACEMENT_OF_PROTAMINES_BY_NUCLEOSOMES_IN_THE_MALE_PRONUCLEUS	Mdd20102ac690
fgsea_msigdb_C2_CP_REACTOME_entrez:REACTOME_REPRODUCTION	Mdd20102ac690
fgsea_msigdb_C2_CP_REACTOME_entrez:REACTOME_RESOLUTION_OF_ABASIC_SITES_AP_SITES	Mdd20102ac690
fgsea_msigdb_C2_CP_REACTOME_entrez:REACTOME_RESOLUTION_OF_AP_SITES_VIA_THE_MULTIPLE_NUCLEOTIDE_PATCH_REPLACEMENT_PATHWAY	Mdd20102ac690
fgsea_msigdb_C2_CP_REACTOME_entrez:REACTOME_RESOLUTION_OF_D_LOOP_STRUCTURES	Mdd20102ac690
fgsea_msigdb_C2_CP_REACTOME_entrez:REACTOME_RESOLUTION_OF_D_LOOP_STRUCTURES_THROUGH_SYNTHESIS_DEPENDENT_STRAND_ANNEALING_SDSA	Mdd20102ac690
fgsea_msigdb_C2_CP_REACTOME_entrez:REACTOME_RESOLUTION_OF_SISTER_CHROMATID_COHESION	Mdd20102ac690
fgsea_msigdb_C2_CP_REACTOME_entrez:REACTOME_RESPIRATORY_ELECTRON_TRANSPORT	M70f4e58dbd2c
fgsea_msigdb_C2_CP_REACTOME_entrez:REACTOME_RESPIRATORY_SYNCYTIAL_VIRUS_INFECTION_PATHWAY	Mdd20102ac690
fgsea_msigdb_C2_CP_REACTOME_entrez:REACTOME_RESPIRATORY_SYNCYTIAL_VIRUS_RSV_ATTACHMENT_AND_ENTRY	Mdd20102ac690
fgsea_msigdb_C2_CP_REACTOME_entrez:REACTOME_RESPONSE_OF_EIF2AK4_GCN2_TO_AMINO_ACID_DEFICIENCY	Mdd20102ac690
fgsea_msigdb_C2_CP_REACTOME_entrez:REACTOME_RESPONSE_OF_MTB_TO_PHAGOCYTOSIS	M70f4e58dbd2c
fgsea_msigdb_C2_CP_REACTOME_entrez:REACTOME_RESPONSE_TO_ELEVATED_PLATELET_CYTOSOLIC_CA2	Mdd20102ac690
fgsea_msigdb_C2_CP_REACTOME_entrez:REACTOME_RETROGRADE_TRANSPORT_AT_THE_TRANS_GOLGI_NETWORK	M70f4e58dbd2c
fgsea_msigdb_C2_CP_REACTOME_entrez:REACTOME_RET_SIGNALING	Mdd20102ac690
fgsea_msigdb_C2_CP_REACTOME_entrez:REACTOME_RHOA_GTPASE_CYCLE	M70f4e58dbd2c
fgsea_msigdb_C2_CP_REACTOME_entrez:REACTOME_RHOBTB1_GTPASE_CYCLE	Mc22fd747abc1
fgsea_msigdb_C2_CP_REACTOME_entrez:REACTOME_RHOBTB2_GTPASE_CYCLE	Mcef9e6d4518c
fgsea_msigdb_C2_CP_REACTOME_entrez:REACTOME_RHOBTB_GTPASE_CYCLE	M1c0a75c5bd0a
fgsea_msigdb_C2_CP_REACTOME_entrez:REACTOME_RHOB_GTPASE_CYCLE	M70f4e58dbd2c
fgsea_msigdb_C2_CP_REACTOME_entrez:REACTOME_RHOC_GTPASE_CYCLE	M70f4e58dbd2c
fgsea_msigdb_C2_CP_REACTOME_entrez:REACTOME_RHOD_GTPASE_CYCLE	M70f4e58dbd2c
fgsea_msigdb_C2_CP_REACTOME_entrez:REACTOME_RHOF_GTPASE_CYCLE	M70f4e58dbd2c
fgsea_msigdb_C2_CP_REACTOME_entrez:REACTOME_RHOG_GTPASE_CYCLE	M70f4e58dbd2c
fgsea_msigdb_C2_CP_REACTOME_entrez:REACTOME_RHOH_GTPASE_CYCLE	M02a9340daa2e
fgsea_msigdb_C2_CP_REACTOME_entrez:REACTOME_RHOJ_GTPASE_CYCLE	M70f4e58dbd2c
fgsea_msigdb_C2_CP_REACTOME_entrez:REACTOME_RHOQ_GTPASE_CYCLE	M70f4e58dbd2c
fgsea_msigdb_C2_CP_REACTOME_entrez:REACTOME_RHOU_GTPASE_CYCLE	M70f4e58dbd2c
fgsea_msigdb_C2_CP_REACTOME_entrez:REACTOME_RHOV_GTPASE_CYCLE	M70f4e58dbd2c
fgsea_msigdb_C2_CP_REACTOME_entrez:REACTOME_RHO_GTPASES_ACTIVATE_CIT	M70f4e58dbd2c
fgsea_msigdb_C2_CP_REACTOME_entrez:REACTOME_RHO_GTPASES_ACTIVATE_FORMINS	M70f4e58dbd2c
fgsea_msigdb_C2_CP_REACTOME_entrez:REACTOME_RHO_GTPASES_ACTIVATE_IQGAPS	M70f4e58dbd2c
fgsea_msigdb_C2_CP_REACTOME_entrez:REACTOME_RHO_GTPASES_ACTIVATE_NADPH_OXIDASES	Mdd20102ac690
fgsea_msigdb_C2_CP_REACTOME_entrez:REACTOME_RHO_GTPASES_ACTIVATE_PAKS	M70f4e58dbd2c
fgsea_msigdb_C2_CP_REACTOME_entrez:REACTOME_RHO_GTPASES_ACTIVATE_PKNS	Mdd20102ac690
fgsea_msigdb_C2_CP_REACTOME_entrez:REACTOME_RHO_GTPASES_ACTIVATE_ROCKS	M70f4e58dbd2c
fgsea_msigdb_C2_CP_REACTOME_entrez:REACTOME_RHO_GTPASES_ACTIVATE_WASPS_AND_WAVES	M70f4e58dbd2c
fgsea_msigdb_C2_CP_REACTOME_entrez:REACTOME_RHO_GTPASE_CYCLE	M70f4e58dbd2c
fgsea_msigdb_C2_CP_REACTOME_entrez:REACTOME_RHO_GTPASE_EFFECTORS	Mdd20102ac690
fgsea_msigdb_C2_CP_REACTOME_entrez:REACTOME_RIPK1_MEDIATED_REGULATED_NECROSIS	M70f4e58dbd2c
fgsea_msigdb_C2_CP_REACTOME_entrez:REACTOME_RMTS_METHYLATE_HISTONE_ARGININES	Mdd20102ac690
fgsea_msigdb_C2_CP_REACTOME_entrez:REACTOME_RNA_POLYMERASE_III_TRANSCRIPTION	Mdd20102ac690
fgsea_msigdb_C2_CP_REACTOME_entrez:REACTOME_RNA_POLYMERASE_III_TRANSCRIPTION_INITIATION_FROM_TYPE_1_PROMOTER	Mdd20102ac690
fgsea_msigdb_C2_CP_REACTOME_entrez:REACTOME_RNA_POLYMERASE_III_TRANSCRIPTION_INITIATION_FROM_TYPE_3_PROMOTER	Mdd20102ac690
fgsea_msigdb_C2_CP_REACTOME_entrez:REACTOME_RNA_POLYMERASE_III_TRANSCRIPTION_TERMINATION	Mdd20102ac690
fgsea_msigdb_C2_CP_REACTOME_entrez:REACTOME_RNA_POLYMERASE_II_PRE_TRANSCRIPTION_EVENTS	M70f4e58dbd2c
fgsea_msigdb_C2_CP_REACTOME_entrez:REACTOME_RNA_POLYMERASE_II_TRANSCRIBES_SNRNA_GENES	M70f4e58dbd2c
fgsea_msigdb_C2_CP_REACTOME_entrez:REACTOME_RNA_POLYMERASE_II_TRANSCRIPTION_TERMINATION	M70f4e58dbd2c
fgsea_msigdb_C2_CP_REACTOME_entrez:REACTOME_RNA_POLYMERASE_I_PROMOTER_ESCAPE	Mdd20102ac690
fgsea_msigdb_C2_CP_REACTOME_entrez:REACTOME_RNA_POLYMERASE_I_TRANSCRIPTION	Mdd20102ac690
fgsea_msigdb_C2_CP_REACTOME_entrez:REACTOME_RNA_POLYMERASE_I_TRANSCRIPTION_INITIATION	Mdd20102ac690
fgsea_msigdb_C2_CP_REACTOME_entrez:REACTOME_RNA_POLYMERASE_I_TRANSCRIPTION_TERMINATION	Mdd20102ac690
fgsea_msigdb_C2_CP_REACTOME_entrez:REACTOME_RND1_GTPASE_CYCLE	M9c0df0dce67b
fgsea_msigdb_C2_CP_REACTOME_entrez:REACTOME_RND2_GTPASE_CYCLE	M70f4e58dbd2c
fgsea_msigdb_C2_CP_REACTOME_entrez:REACTOME_RND3_GTPASE_CYCLE	M70f4e58dbd2c
fgsea_msigdb_C2_CP_REACTOME_entrez:REACTOME_ROLE_OF_LAT2_NTAL_LAB_ON_CALCIUM_MOBILIZATION	Mdd20102ac690
fgsea_msigdb_C2_CP_REACTOME_entrez:REACTOME_ROLE_OF_PHOSPHOLIPIDS_IN_PHAGOCYTOSIS	Mdd20102ac690
fgsea_msigdb_C2_CP_REACTOME_entrez:REACTOME_RORA_B_C_AND_NR1D1_REV_ERBA_REGULATE_GENE_EXPRESSION	Mdd20102ac690
fgsea_msigdb_C2_CP_REACTOME_entrez:REACTOME_ROS_AND_RNS_PRODUCTION_IN_PHAGOCYTES	M70f4e58dbd2c
fgsea_msigdb_C2_CP_REACTOME_entrez:REACTOME_RRNA_MODIFICATION_IN_THE_NUCLEUS_AND_CYTOSOL	M895c1a94097e
fgsea_msigdb_C2_CP_REACTOME_entrez:REACTOME_RRNA_PROCESSING	Mdd20102ac690
fgsea_msigdb_C2_CP_REACTOME_entrez:REACTOME_RSV_HOST_INTERACTIONS	Mdd20102ac690
fgsea_msigdb_C2_CP_REACTOME_entrez:REACTOME_RUNX1_INTERACTS_WITH_CO_FACTORS_WHOSE_PRECISE_EFFECT_ON_RUNX1_TARGETS_IS_NOT_KNOWN	Mdd20102ac690
fgsea_msigdb_C2_CP_REACTOME_entrez:REACTOME_RUNX1_REGULATES_GENES_INVOLVED_IN_MEGAKARYOCYTE_DIFFERENTIATION_AND_PLATELET_FUNCTION	Mdd20102ac690
fgsea_msigdb_C2_CP_REACTOME_entrez:REACTOME_RUNX1_REGULATES_TRANSCRIPTION_OF_GENES_INVOLVED_IN_DIFFERENTIATION_OF_HSCS	Mdd20102ac690
fgsea_msigdb_C2_CP_REACTOME_entrez:REACTOME_RUNX2_REGULATES_BONE_DEVELOPMENT	Mdd20102ac690
fgsea_msigdb_C2_CP_REACTOME_entrez:REACTOME_RUNX2_REGULATES_OSTEOBLAST_DIFFERENTIATION	Mdd20102ac690
fgsea_msigdb_C2_CP_REACTOME_entrez:REACTOME_SARS_COV_1_ACTIVATES_MODULATES_INNATE_IMMUNE_RESPONSES	M70f4e58dbd2c
fgsea_msigdb_C2_CP_REACTOME_entrez:REACTOME_SARS_COV_1_HOST_INTERACTIONS	Mdd20102ac690
fgsea_msigdb_C2_CP_REACTOME_entrez:REACTOME_SARS_COV_1_INFECTION	Mdd20102ac690
fgsea_msigdb_C2_CP_REACTOME_entrez:REACTOME_SARS_COV_1_MODULATES_HOST_TRANSLATION_MACHINERY	Mdd20102ac690
fgsea_msigdb_C2_CP_REACTOME_entrez:REACTOME_SARS_COV_1_TARGETS_HOST_INTRACELLULAR_SIGNALLING_AND_REGULATORY_PATHWAYS	M3a760f894a76
fgsea_msigdb_C2_CP_REACTOME_entrez:REACTOME_SARS_COV_2_ACTIVATES_MODULATES_INNATE_AND_ADAPTIVE_IMMUNE_RESPONSES	Mdd20102ac690
fgsea_msigdb_C2_CP_REACTOME_entrez:REACTOME_SARS_COV_2_HOST_INTERACTIONS	Mdd20102ac690
fgsea_msigdb_C2_CP_REACTOME_entrez:REACTOME_SARS_COV_2_INFECTION	Mdd20102ac690
fgsea_msigdb_C2_CP_REACTOME_entrez:REACTOME_SARS_COV_2_MODULATES_HOST_TRANSLATION_MACHINERY	Mdd20102ac690
fgsea_msigdb_C2_CP_REACTOME_entrez:REACTOME_SARS_COV_INFECTIONS	Mdd20102ac690
fgsea_msigdb_C2_CP_REACTOME_entrez:REACTOME_SCAVENGING_BY_CLASS_A_RECEPTORS	M6b0bdd823c65
fgsea_msigdb_C2_CP_REACTOME_entrez:REACTOME_SCAVENGING_OF_HEME_FROM_PLASMA	Mdd20102ac690
fgsea_msigdb_C2_CP_REACTOME_entrez:REACTOME_SCF_BETA_TRCP_MEDIATED_DEGRADATION_OF_EMI1	M70f4e58dbd2c
fgsea_msigdb_C2_CP_REACTOME_entrez:REACTOME_SCF_SKP2_MEDIATED_DEGRADATION_OF_P27_P21	M70f4e58dbd2c
fgsea_msigdb_C2_CP_REACTOME_entrez:REACTOME_SELECTIVE_AUTOPHAGY	M70f4e58dbd2c
fgsea_msigdb_C2_CP_REACTOME_entrez:REACTOME_SELENOAMINO_ACID_METABOLISM	Mdd20102ac690
fgsea_msigdb_C2_CP_REACTOME_entrez:REACTOME_SEMA4D_INDUCED_CELL_MIGRATION_AND_GROWTH_CONE_COLLAPSE	M70f4e58dbd2c
fgsea_msigdb_C2_CP_REACTOME_entrez:REACTOME_SEMA4D_IN_SEMAPHORIN_SIGNALING	M70f4e58dbd2c
fgsea_msigdb_C2_CP_REACTOME_entrez:REACTOME_SEMAPHORIN_INTERACTIONS	M70f4e58dbd2c
fgsea_msigdb_C2_CP_REACTOME_entrez:REACTOME_SENESCENCE_ASSOCIATED_SECRETORY_PHENOTYPE_SASP	Mdd20102ac690
fgsea_msigdb_C2_CP_REACTOME_entrez:REACTOME_SENSORY_PERCEPTION	Mdd20102ac690
fgsea_msigdb_C2_CP_REACTOME_entrez:REACTOME_SENSORY_PERCEPTION_OF_TASTE	Mdd20102ac690
fgsea_msigdb_C2_CP_REACTOME_entrez:REACTOME_SENSORY_PROCESSING_OF_SOUND	M70f4e58dbd2c
fgsea_msigdb_C2_CP_REACTOME_entrez:REACTOME_SENSORY_PROCESSING_OF_SOUND_BY_OUTER_HAIR_CELLS_OF_THE_COCHLEA	Mdd20102ac690
fgsea_msigdb_C2_CP_REACTOME_entrez:REACTOME_SEPARATION_OF_SISTER_CHROMATIDS	M70f4e58dbd2c
fgsea_msigdb_C2_CP_REACTOME_entrez:REACTOME_SEROTONIN_NEUROTRANSMITTER_RELEASE_CYCLE	M70f4e58dbd2c
fgsea_msigdb_C2_CP_REACTOME_entrez:REACTOME_SHC1_EVENTS_IN_ERBB2_SIGNALING	M70f4e58dbd2c
fgsea_msigdb_C2_CP_REACTOME_entrez:REACTOME_SHC_MEDIATED_CASCADE_FGFR1	M70f4e58dbd2c
fgsea_msigdb_C2_CP_REACTOME_entrez:REACTOME_SHC_MEDIATED_CASCADE_FGFR3	M70f4e58dbd2c
fgsea_msigdb_C2_CP_REACTOME_entrez:REACTOME_SHC_MEDIATED_CASCADE_FGFR4	M70f4e58dbd2c
fgsea_msigdb_C2_CP_REACTOME_entrez:REACTOME_SIALIC_ACID_METABOLISM	M70f4e58dbd2c
fgsea_msigdb_C2_CP_REACTOME_entrez:REACTOME_SIGNALING_BY_ACTIVIN	Mdd20102ac690
fgsea_msigdb_C2_CP_REACTOME_entrez:REACTOME_SIGNALING_BY_ALK	M09333d5044e5
fgsea_msigdb_C2_CP_REACTOME_entrez:REACTOME_SIGNALING_BY_ALK_IN_CANCER	Mdd20102ac690
fgsea_msigdb_C2_CP_REACTOME_entrez:REACTOME_SIGNALING_BY_BMP	M2aa1103abf6e
fgsea_msigdb_C2_CP_REACTOME_entrez:REACTOME_SIGNALING_BY_BRAF_AND_RAF1_FUSIONS	M70f4e58dbd2c
fgsea_msigdb_C2_CP_REACTOME_entrez:REACTOME_SIGNALING_BY_CSF1_M_CSF_IN_MYELOID_CELLS	M70f4e58dbd2c
fgsea_msigdb_C2_CP_REACTOME_entrez:REACTOME_SIGNALING_BY_CSF3_G_CSF	Mdd20102ac690
fgsea_msigdb_C2_CP_REACTOME_entrez:REACTOME_SIGNALING_BY_CYTOSOLIC_FGFR1_FUSION_MUTANTS	Mdd20102ac690
fgsea_msigdb_C2_CP_REACTOME_entrez:REACTOME_SIGNALING_BY_EGFR	M70f4e58dbd2c
fgsea_msigdb_C2_CP_REACTOME_entrez:REACTOME_SIGNALING_BY_EGFR_IN_CANCER	M70f4e58dbd2c
fgsea_msigdb_C2_CP_REACTOME_entrez:REACTOME_SIGNALING_BY_ERBB2	M70f4e58dbd2c
fgsea_msigdb_C2_CP_REACTOME_entrez:REACTOME_SIGNALING_BY_ERBB2_ECD_MUTANTS	M70f4e58dbd2c
fgsea_msigdb_C2_CP_REACTOME_entrez:REACTOME_SIGNALING_BY_ERBB2_IN_CANCER	M70f4e58dbd2c
fgsea_msigdb_C2_CP_REACTOME_entrez:REACTOME_SIGNALING_BY_ERBB4	M70f4e58dbd2c
fgsea_msigdb_C2_CP_REACTOME_entrez:REACTOME_SIGNALING_BY_ERYTHROPOIETIN	M70f4e58dbd2c
fgsea_msigdb_C2_CP_REACTOME_entrez:REACTOME_SIGNALING_BY_FGFR	M70f4e58dbd2c
fgsea_msigdb_C2_CP_REACTOME_entrez:REACTOME_SIGNALING_BY_FGFR1	M70f4e58dbd2c
fgsea_msigdb_C2_CP_REACTOME_entrez:REACTOME_SIGNALING_BY_FGFR1_IN_DISEASE	Mdd20102ac690
fgsea_msigdb_C2_CP_REACTOME_entrez:REACTOME_SIGNALING_BY_FGFR2	M70f4e58dbd2c
fgsea_msigdb_C2_CP_REACTOME_entrez:REACTOME_SIGNALING_BY_FGFR2_IIIA_TM	M70f4e58dbd2c
fgsea_msigdb_C2_CP_REACTOME_entrez:REACTOME_SIGNALING_BY_FGFR2_IN_DISEASE	M70f4e58dbd2c
fgsea_msigdb_C2_CP_REACTOME_entrez:REACTOME_SIGNALING_BY_FGFR3	M70f4e58dbd2c
fgsea_msigdb_C2_CP_REACTOME_entrez:REACTOME_SIGNALING_BY_FGFR4	M70f4e58dbd2c
fgsea_msigdb_C2_CP_REACTOME_entrez:REACTOME_SIGNALING_BY_FGFR_IN_DISEASE	M70f4e58dbd2c
fgsea_msigdb_C2_CP_REACTOME_entrez:REACTOME_SIGNALING_BY_FLT3_FUSION_PROTEINS	Medf82592f51e
fgsea_msigdb_C2_CP_REACTOME_entrez:REACTOME_SIGNALING_BY_FLT3_ITD_AND_TKD_MUTANTS	M70f4e58dbd2c
fgsea_msigdb_C2_CP_REACTOME_entrez:REACTOME_SIGNALING_BY_HEDGEHOG	Mdd20102ac690
fgsea_msigdb_C2_CP_REACTOME_entrez:REACTOME_SIGNALING_BY_INSULIN_RECEPTOR	M70f4e58dbd2c
fgsea_msigdb_C2_CP_REACTOME_entrez:REACTOME_SIGNALING_BY_INTERLEUKINS	Mdd20102ac690
fgsea_msigdb_C2_CP_REACTOME_entrez:REACTOME_SIGNALING_BY_KIT_IN_DISEASE	M70f4e58dbd2c
fgsea_msigdb_C2_CP_REACTOME_entrez:REACTOME_SIGNALING_BY_MET	M70f4e58dbd2c
fgsea_msigdb_C2_CP_REACTOME_entrez:REACTOME_SIGNALING_BY_MODERATE_KINASE_ACTIVITY_BRAF_MUTANTS	Mdd20102ac690
fgsea_msigdb_C2_CP_REACTOME_entrez:REACTOME_SIGNALING_BY_NODAL	Mdd20102ac690
fgsea_msigdb_C2_CP_REACTOME_entrez:REACTOME_SIGNALING_BY_NOTCH	Mdd20102ac690
fgsea_msigdb_C2_CP_REACTOME_entrez:REACTOME_SIGNALING_BY_NOTCH1	Mdd20102ac690
fgsea_msigdb_C2_CP_REACTOME_entrez:REACTOME_SIGNALING_BY_NOTCH1_PEST_DOMAIN_MUTANTS_IN_CANCER	Mdd20102ac690
fgsea_msigdb_C2_CP_REACTOME_entrez:REACTOME_SIGNALING_BY_NOTCH2	M70f4e58dbd2c
fgsea_msigdb_C2_CP_REACTOME_entrez:REACTOME_SIGNALING_BY_NOTCH3	Mdd20102ac690
fgsea_msigdb_C2_CP_REACTOME_entrez:REACTOME_SIGNALING_BY_NOTCH4	M70f4e58dbd2c
fgsea_msigdb_C2_CP_REACTOME_entrez:REACTOME_SIGNALING_BY_NTRK2_TRKB	M70f4e58dbd2c
fgsea_msigdb_C2_CP_REACTOME_entrez:REACTOME_SIGNALING_BY_NTRK3_TRKC	M70f4e58dbd2c
fgsea_msigdb_C2_CP_REACTOME_entrez:REACTOME_SIGNALING_BY_NTRKS	Mdd20102ac690
fgsea_msigdb_C2_CP_REACTOME_entrez:REACTOME_SIGNALING_BY_NUCLEAR_RECEPTORS	Mdd20102ac690
fgsea_msigdb_C2_CP_REACTOME_entrez:REACTOME_SIGNALING_BY_PDGF	M70f4e58dbd2c
fgsea_msigdb_C2_CP_REACTOME_entrez:REACTOME_SIGNALING_BY_PDGFR_IN_DISEASE	M70f4e58dbd2c
fgsea_msigdb_C2_CP_REACTOME_entrez:REACTOME_SIGNALING_BY_PTK6	M70f4e58dbd2c
fgsea_msigdb_C2_CP_REACTOME_entrez:REACTOME_SIGNALING_BY_RECEPTOR_TYROSINE_KINASES	Mdd20102ac690
fgsea_msigdb_C2_CP_REACTOME_entrez:REACTOME_SIGNALING_BY_RETINOIC_ACID	M70f4e58dbd2c
fgsea_msigdb_C2_CP_REACTOME_entrez:REACTOME_SIGNALING_BY_RHO_GTPASES_MIRO_GTPASES_AND_RHOBTB3	M70f4e58dbd2c
fgsea_msigdb_C2_CP_REACTOME_entrez:REACTOME_SIGNALING_BY_ROBO_RECEPTORS	M70f4e58dbd2c
fgsea_msigdb_C2_CP_REACTOME_entrez:REACTOME_SIGNALING_BY_SCF_KIT	M70f4e58dbd2c
fgsea_msigdb_C2_CP_REACTOME_entrez:REACTOME_SIGNALING_BY_TGFBR3	Mdd20102ac690
fgsea_msigdb_C2_CP_REACTOME_entrez:REACTOME_SIGNALING_BY_TGFB_FAMILY_MEMBERS	Mdd20102ac690
fgsea_msigdb_C2_CP_REACTOME_entrez:REACTOME_SIGNALING_BY_TGF_BETA_RECEPTOR_COMPLEX	Mdd20102ac690
fgsea_msigdb_C2_CP_REACTOME_entrez:REACTOME_SIGNALING_BY_THE_B_CELL_RECEPTOR_BCR	Mdd20102ac690
fgsea_msigdb_C2_CP_REACTOME_entrez:REACTOME_SIGNALING_BY_TYPE_1_INSULIN_LIKE_GROWTH_FACTOR_1_RECEPTOR_IGF1R	M70f4e58dbd2c
fgsea_msigdb_C2_CP_REACTOME_entrez:REACTOME_SIGNALING_BY_VEGF	M70f4e58dbd2c
fgsea_msigdb_C2_CP_REACTOME_entrez:REACTOME_SIGNALING_BY_WNT	Mdd20102ac690
fgsea_msigdb_C2_CP_REACTOME_entrez:REACTOME_SIGNALING_BY_WNT_IN_CANCER	Mca73cf125472
fgsea_msigdb_C2_CP_REACTOME_entrez:REACTOME_SIGNALLING_TO_ERKS	M70f4e58dbd2c
fgsea_msigdb_C2_CP_REACTOME_entrez:REACTOME_SIGNALLING_TO_RAS	M70f4e58dbd2c
fgsea_msigdb_C2_CP_REACTOME_entrez:REACTOME_SIGNAL_AMPLIFICATION	Mdd20102ac690
fgsea_msigdb_C2_CP_REACTOME_entrez:REACTOME_SIGNAL_TRANSDUCTION_BY_L1	M70f4e58dbd2c
fgsea_msigdb_C2_CP_REACTOME_entrez:REACTOME_SIRT1_NEGATIVELY_REGULATES_RRNA_EXPRESSION	Mdd20102ac690
fgsea_msigdb_C2_CP_REACTOME_entrez:REACTOME_SLC_MEDIATED_TRANSMEMBRANE_TRANSPORT	M70f4e58dbd2c
fgsea_msigdb_C2_CP_REACTOME_entrez:REACTOME_SLC_TRANSPORTER_DISORDERS	M70f4e58dbd2c
fgsea_msigdb_C2_CP_REACTOME_entrez:REACTOME_SMAD2_SMAD3_SMAD4_HETEROTRIMER_REGULATES_TRANSCRIPTION	M70f4e58dbd2c
fgsea_msigdb_C2_CP_REACTOME_entrez:REACTOME_SMOOTH_MUSCLE_CONTRACTION	M70f4e58dbd2c
fgsea_msigdb_C2_CP_REACTOME_entrez:REACTOME_SNRNP_ASSEMBLY	Mb9163496d325
fgsea_msigdb_C2_CP_REACTOME_entrez:REACTOME_SOMITOGENESIS	M70f4e58dbd2c
fgsea_msigdb_C2_CP_REACTOME_entrez:REACTOME_SPECIFICATION_OF_THE_NEURAL_PLATE_BORDER	M70f4e58dbd2c
fgsea_msigdb_C2_CP_REACTOME_entrez:REACTOME_SPHINGOLIPID_METABOLISM	Mdd20102ac690
fgsea_msigdb_C2_CP_REACTOME_entrez:REACTOME_SPRY_REGULATION_OF_FGF_SIGNALING	M70f4e58dbd2c
fgsea_msigdb_C2_CP_REACTOME_entrez:REACTOME_SRP_DEPENDENT_COTRANSLATIONAL_PROTEIN_TARGETING_TO_MEMBRANE	Mdd20102ac690
fgsea_msigdb_C2_CP_REACTOME_entrez:REACTOME_STABILIZATION_OF_P53	M70f4e58dbd2c
fgsea_msigdb_C2_CP_REACTOME_entrez:REACTOME_STIMULI_SENSING_CHANNELS	Mdd20102ac690
fgsea_msigdb_C2_CP_REACTOME_entrez:REACTOME_STRIATED_MUSCLE_CONTRACTION	Mdd20102ac690
fgsea_msigdb_C2_CP_REACTOME_entrez:REACTOME_SULFUR_AMINO_ACID_METABOLISM	Md916ff153eaa
fgsea_msigdb_C2_CP_REACTOME_entrez:REACTOME_SUMOYLATION	Mdd20102ac690
fgsea_msigdb_C2_CP_REACTOME_entrez:REACTOME_SUMOYLATION_OF_CHROMATIN_ORGANIZATION_PROTEINS	Mdd20102ac690
fgsea_msigdb_C2_CP_REACTOME_entrez:REACTOME_SUMOYLATION_OF_DNA_DAMAGE_RESPONSE_AND_REPAIR_PROTEINS	M70f4e58dbd2c
fgsea_msigdb_C2_CP_REACTOME_entrez:REACTOME_SUMOYLATION_OF_DNA_REPLICATION_PROTEINS	Mdd20102ac690
fgsea_msigdb_C2_CP_REACTOME_entrez:REACTOME_SUMOYLATION_OF_INTRACELLULAR_RECEPTORS	Mdd20102ac690
fgsea_msigdb_C2_CP_REACTOME_entrez:REACTOME_SUMOYLATION_OF_RNA_BINDING_PROTEINS	M70f4e58dbd2c
fgsea_msigdb_C2_CP_REACTOME_entrez:REACTOME_SUMOYLATION_OF_SUMOYLATION_PROTEINS	M70f4e58dbd2c
fgsea_msigdb_C2_CP_REACTOME_entrez:REACTOME_SUMOYLATION_OF_TRANSCRIPTION_COFACTORS	M70f4e58dbd2c
fgsea_msigdb_C2_CP_REACTOME_entrez:REACTOME_SUMOYLATION_OF_TRANSCRIPTION_FACTORS	Ma7714f539b9a
fgsea_msigdb_C2_CP_REACTOME_entrez:REACTOME_SUMOYLATION_OF_UBIQUITINYLATION_PROTEINS	Mdd20102ac690
fgsea_msigdb_C2_CP_REACTOME_entrez:REACTOME_SURFACTANT_METABOLISM	Md5aa62cfabf4
fgsea_msigdb_C2_CP_REACTOME_entrez:REACTOME_SWITCHING_OF_ORIGINS_TO_A_POST_REPLICATIVE_STATE	M70f4e58dbd2c
fgsea_msigdb_C2_CP_REACTOME_entrez:REACTOME_SYNAPTIC_ADHESION_LIKE_MOLECULES	Me20c06657e09
fgsea_msigdb_C2_CP_REACTOME_entrez:REACTOME_SYNDECAN_INTERACTIONS	Mdd20102ac690
fgsea_msigdb_C2_CP_REACTOME_entrez:REACTOME_SYNTHESIS_OF_ACTIVE_UBIQUITIN_ROLES_OF_E1_AND_E2_ENZYMES	Mdd20102ac690
fgsea_msigdb_C2_CP_REACTOME_entrez:REACTOME_SYNTHESIS_OF_BILE_ACIDS_AND_BILE_SALTS	Mdd20102ac690
fgsea_msigdb_C2_CP_REACTOME_entrez:REACTOME_SYNTHESIS_OF_BILE_ACIDS_AND_BILE_SALTS_VIA_7ALPHA_HYDROXYCHOLESTEROL	Mdd20102ac690
fgsea_msigdb_C2_CP_REACTOME_entrez:REACTOME_SYNTHESIS_OF_DNA	M70f4e58dbd2c
fgsea_msigdb_C2_CP_REACTOME_entrez:REACTOME_SYNTHESIS_OF_IP3_AND_IP4_IN_THE_CYTOSOL	M9fcd06691a84
fgsea_msigdb_C2_CP_REACTOME_entrez:REACTOME_SYNTHESIS_OF_LEUKOTRIENES_LT_AND_EOXINS_EX	Meda1194f133c
fgsea_msigdb_C2_CP_REACTOME_entrez:REACTOME_SYNTHESIS_OF_PIPS_AT_THE_PLASMA_MEMBRANE	Mdd20102ac690
fgsea_msigdb_C2_CP_REACTOME_entrez:REACTOME_SYNTHESIS_OF_SUBSTRATES_IN_N_GLYCAN_BIOSYTHESIS	M70f4e58dbd2c
fgsea_msigdb_C2_CP_REACTOME_entrez:REACTOME_S_PHASE	Mdd20102ac690
fgsea_msigdb_C2_CP_REACTOME_entrez:REACTOME_TAK1_DEPENDENT_IKK_AND_NF_KAPPA_B_ACTIVATION	Mdd20102ac690
fgsea_msigdb_C2_CP_REACTOME_entrez:REACTOME_TBC_RABGAPS	Mdd20102ac690
fgsea_msigdb_C2_CP_REACTOME_entrez:REACTOME_TCF_DEPENDENT_SIGNALING_IN_RESPONSE_TO_WNT	Mdd20102ac690
fgsea_msigdb_C2_CP_REACTOME_entrez:REACTOME_TCR_SIGNALING	Mdd20102ac690
fgsea_msigdb_C2_CP_REACTOME_entrez:REACTOME_TELOMERE_C_STRAND_LAGGING_STRAND_SYNTHESIS	Mdd20102ac690
fgsea_msigdb_C2_CP_REACTOME_entrez:REACTOME_TELOMERE_MAINTENANCE	Mdd20102ac690
fgsea_msigdb_C2_CP_REACTOME_entrez:REACTOME_TERMINATION_OF_TRANSLESION_DNA_SYNTHESIS	M70f4e58dbd2c
fgsea_msigdb_C2_CP_REACTOME_entrez:REACTOME_TGFBR3_EXPRESSION	Mdd20102ac690
fgsea_msigdb_C2_CP_REACTOME_entrez:REACTOME_TGF_BETA_RECEPTOR_SIGNALING_ACTIVATES_SMADS	M70f4e58dbd2c
fgsea_msigdb_C2_CP_REACTOME_entrez:REACTOME_THE_CANONICAL_RETINOID_CYCLE_IN_RODS_TWILIGHT_VISION	Mdd20102ac690
fgsea_msigdb_C2_CP_REACTOME_entrez:REACTOME_THE_PHOTOTRANSDUCTION_CASCADE	Mdd20102ac690
fgsea_msigdb_C2_CP_REACTOME_entrez:REACTOME_THE_ROLE_OF_GTSE1_IN_G2_M_PROGRESSION_AFTER_G2_CHECKPOINT	M70f4e58dbd2c
fgsea_msigdb_C2_CP_REACTOME_entrez:REACTOME_THE_ROLE_OF_NEF_IN_HIV_1_REPLICATION_AND_DISEASE_PATHOGENESIS	Mdd20102ac690
fgsea_msigdb_C2_CP_REACTOME_entrez:REACTOME_THROMBIN_SIGNALLING_THROUGH_PROTEINASE_ACTIVATED_RECEPTORS_PARS	Mdd20102ac690
fgsea_msigdb_C2_CP_REACTOME_entrez:REACTOME_THROMBOXANE_SIGNALLING_THROUGH_TP_RECEPTOR	M2f44a01366fd
fgsea_msigdb_C2_CP_REACTOME_entrez:REACTOME_TICAM1_RIP1_MEDIATED_IKK_COMPLEX_RECRUITMENT	Mdd20102ac690
fgsea_msigdb_C2_CP_REACTOME_entrez:REACTOME_TIE2_SIGNALING	M70f4e58dbd2c
fgsea_msigdb_C2_CP_REACTOME_entrez:REACTOME_TIGHT_JUNCTION_INTERACTIONS	M523486a658b5
fgsea_msigdb_C2_CP_REACTOME_entrez:REACTOME_TNFR1_INDUCED_NF_KAPPA_B_SIGNALING_PATHWAY	M70f4e58dbd2c
fgsea_msigdb_C2_CP_REACTOME_entrez:REACTOME_TNFR1_INDUCED_PROAPOPTOTIC_SIGNALING	M70f4e58dbd2c
fgsea_msigdb_C2_CP_REACTOME_entrez:REACTOME_TNFR2_NON_CANONICAL_NF_KB_PATHWAY	Mdd20102ac690
fgsea_msigdb_C2_CP_REACTOME_entrez:REACTOME_TNFS_BIND_THEIR_PHYSIOLOGICAL_RECEPTORS	Mdd20102ac690
fgsea_msigdb_C2_CP_REACTOME_entrez:REACTOME_TNF_RECEPTOR_SUPERFAMILY_TNFSF_MEMBERS_MEDIATING_NON_CANONICAL_NF_KB_PATHWAY	Me1644d6a51c8
fgsea_msigdb_C2_CP_REACTOME_entrez:REACTOME_TNF_SIGNALING	M70f4e58dbd2c
fgsea_msigdb_C2_CP_REACTOME_entrez:REACTOME_TOLL_LIKE_RECEPTOR_9_TLR9_CASCADE	Mdd20102ac690
fgsea_msigdb_C2_CP_REACTOME_entrez:REACTOME_TOLL_LIKE_RECEPTOR_CASCADES	Mdd20102ac690
fgsea_msigdb_C2_CP_REACTOME_entrez:REACTOME_TOLL_LIKE_RECEPTOR_TLR1_TLR2_CASCADE	Mdd20102ac690
fgsea_msigdb_C2_CP_REACTOME_entrez:REACTOME_TP53_REGULATES_METABOLIC_GENES	M70f4e58dbd2c
fgsea_msigdb_C2_CP_REACTOME_entrez:REACTOME_TP53_REGULATES_TRANSCRIPTION_OF_CELL_CYCLE_GENES	Mdd20102ac690
fgsea_msigdb_C2_CP_REACTOME_entrez:REACTOME_TP53_REGULATES_TRANSCRIPTION_OF_CELL_DEATH_GENES	Mdd20102ac690
fgsea_msigdb_C2_CP_REACTOME_entrez:REACTOME_TP53_REGULATES_TRANSCRIPTION_OF_DNA_REPAIR_GENES	M70f4e58dbd2c
fgsea_msigdb_C2_CP_REACTOME_entrez:REACTOME_TP53_REGULATES_TRANSCRIPTION_OF_GENES_INVOLVED_IN_G2_CELL_CYCLE_ARREST	Mdd20102ac690
fgsea_msigdb_C2_CP_REACTOME_entrez:REACTOME_TRAF6_MEDIATED_IRF7_ACTIVATION	Mdd20102ac690
fgsea_msigdb_C2_CP_REACTOME_entrez:REACTOME_TRAF6_MEDIATED_NF_KB_ACTIVATION	Mdd20102ac690
fgsea_msigdb_C2_CP_REACTOME_entrez:REACTOME_TRAFFICKING_OF_AMPA_RECEPTORS	Mdd20102ac690
fgsea_msigdb_C2_CP_REACTOME_entrez:REACTOME_TRAFFICKING_OF_GLUR2_CONTAINING_AMPA_RECEPTORS	Mdd20102ac690
fgsea_msigdb_C2_CP_REACTOME_entrez:REACTOME_TRANSCRIPTIONAL_ACTIVATION_OF_MITOCHONDRIAL_BIOGENESIS	Mdd20102ac690
fgsea_msigdb_C2_CP_REACTOME_entrez:REACTOME_TRANSCRIPTIONAL_ACTIVITY_OF_SMAD2_SMAD3_SMAD4_HETEROTRIMER	M70f4e58dbd2c
fgsea_msigdb_C2_CP_REACTOME_entrez:REACTOME_TRANSCRIPTIONAL_AND_POST_TRANSLATIONAL_REGULATION_OF_MITF_M_EXPRESSION_AND_ACTIVITY	M70f4e58dbd2c
fgsea_msigdb_C2_CP_REACTOME_entrez:REACTOME_TRANSCRIPTIONAL_REGULATION_BY_E2F6	M70f4e58dbd2c
fgsea_msigdb_C2_CP_REACTOME_entrez:REACTOME_TRANSCRIPTIONAL_REGULATION_BY_MECP2	Mdd20102ac690
fgsea_msigdb_C2_CP_REACTOME_entrez:REACTOME_TRANSCRIPTIONAL_REGULATION_BY_NPAS4	M63b650ccfb99
fgsea_msigdb_C2_CP_REACTOME_entrez:REACTOME_TRANSCRIPTIONAL_REGULATION_BY_RUNX1	Mdd20102ac690
fgsea_msigdb_C2_CP_REACTOME_entrez:REACTOME_TRANSCRIPTIONAL_REGULATION_BY_RUNX2	Mdd20102ac690
fgsea_msigdb_C2_CP_REACTOME_entrez:REACTOME_TRANSCRIPTIONAL_REGULATION_BY_RUNX3	Mdd20102ac690
fgsea_msigdb_C2_CP_REACTOME_entrez:REACTOME_TRANSCRIPTIONAL_REGULATION_BY_SMALL_RNAS	Mdd20102ac690
fgsea_msigdb_C2_CP_REACTOME_entrez:REACTOME_TRANSCRIPTIONAL_REGULATION_BY_THE_AP_2_TFAP2_FAMILY_OF_TRANSCRIPTION_FACTORS	M010846418654
fgsea_msigdb_C2_CP_REACTOME_entrez:REACTOME_TRANSCRIPTIONAL_REGULATION_BY_TP53	Mdd20102ac690
fgsea_msigdb_C2_CP_REACTOME_entrez:REACTOME_TRANSCRIPTIONAL_REGULATION_BY_VENTX	M70f4e58dbd2c
fgsea_msigdb_C2_CP_REACTOME_entrez:REACTOME_TRANSCRIPTIONAL_REGULATION_OF_BROWN_AND_BEIGE_ADIPOCYTE_DIFFERENTIATION	Mdd20102ac690
fgsea_msigdb_C2_CP_REACTOME_entrez:REACTOME_TRANSCRIPTIONAL_REGULATION_OF_GRANULOPOIESIS	Mdd20102ac690
fgsea_msigdb_C2_CP_REACTOME_entrez:REACTOME_TRANSCRIPTIONAL_REGULATION_OF_PLURIPOTENT_STEM_CELLS	M60ac055de014
fgsea_msigdb_C2_CP_REACTOME_entrez:REACTOME_TRANSCRIPTIONAL_REGULATION_OF_WHITE_ADIPOCYTE_DIFFERENTIATION	Mdd20102ac690
fgsea_msigdb_C2_CP_REACTOME_entrez:REACTOME_TRANSCRIPTION_COUPLED_NUCLEOTIDE_EXCISION_REPAIR_TC_NER	Mdd20102ac690
fgsea_msigdb_C2_CP_REACTOME_entrez:REACTOME_TRANSCRIPTION_OF_E2F_TARGETS_UNDER_NEGATIVE_CONTROL_BY_DREAM_COMPLEX	Mdd20102ac690
fgsea_msigdb_C2_CP_REACTOME_entrez:REACTOME_TRANSCRIPTION_OF_THE_HIV_GENOME	M70f4e58dbd2c
fgsea_msigdb_C2_CP_REACTOME_entrez:REACTOME_TRANSFERRIN_ENDOCYTOSIS_AND_RECYCLING	M70f4e58dbd2c
fgsea_msigdb_C2_CP_REACTOME_entrez:REACTOME_TRANSLATION	Mdd20102ac690
fgsea_msigdb_C2_CP_REACTOME_entrez:REACTOME_TRANSLATION_OF_SARS_COV_1_STRUCTURAL_PROTEINS	Mdd20102ac690
fgsea_msigdb_C2_CP_REACTOME_entrez:REACTOME_TRANSLATION_OF_SARS_COV_2_STRUCTURAL_PROTEINS	Mdd20102ac690
fgsea_msigdb_C2_CP_REACTOME_entrez:REACTOME_TRANSLESION_SYNTHESIS_BY_POLH	M70f4e58dbd2c
fgsea_msigdb_C2_CP_REACTOME_entrez:REACTOME_TRANSLESION_SYNTHESIS_BY_POLK	M70f4e58dbd2c
fgsea_msigdb_C2_CP_REACTOME_entrez:REACTOME_TRANSLESION_SYNTHESIS_BY_Y_FAMILY_DNA_POLYMERASES_BYPASSES_LESIONS_ON_DNA_TEMPLATE	M70f4e58dbd2c
fgsea_msigdb_C2_CP_REACTOME_entrez:REACTOME_TRANSLOCATION_OF_SLC2A4_GLUT4_TO_THE_PLASMA_MEMBRANE	M70f4e58dbd2c
fgsea_msigdb_C2_CP_REACTOME_entrez:REACTOME_TRANSMISSION_ACROSS_CHEMICAL_SYNAPSES	Mdd20102ac690
fgsea_msigdb_C2_CP_REACTOME_entrez:REACTOME_TRANSPORT_OF_BILE_SALTS_AND_ORGANIC_ACIDS_METAL_IONS_AND_AMINE_COMPOUNDS	M70f4e58dbd2c
fgsea_msigdb_C2_CP_REACTOME_entrez:REACTOME_TRANSPORT_OF_INORGANIC_CATIONS_ANIONS_AND_AMINO_ACIDS_OLIGOPEPTIDES	Mdd20102ac690
fgsea_msigdb_C2_CP_REACTOME_entrez:REACTOME_TRANSPORT_OF_MATURE_MRNAS_DERIVED_FROM_INTRONLESS_TRANSCRIPTS	M70f4e58dbd2c
fgsea_msigdb_C2_CP_REACTOME_entrez:REACTOME_TRANSPORT_OF_MATURE_TRANSCRIPT_TO_CYTOPLASM	M70f4e58dbd2c
fgsea_msigdb_C2_CP_REACTOME_entrez:REACTOME_TRANSPORT_OF_SMALL_MOLECULES	Mdd20102ac690
fgsea_msigdb_C2_CP_REACTOME_entrez:REACTOME_TRANSPORT_OF_THE_SLBP_DEPENDANT_MATURE_MRNA	M70f4e58dbd2c
fgsea_msigdb_C2_CP_REACTOME_entrez:REACTOME_TRANSPORT_OF_VITAMINS_NUCLEOSIDES_AND_RELATED_MOLECULES	Ma35aa8486f7e
fgsea_msigdb_C2_CP_REACTOME_entrez:REACTOME_TRANSPORT_TO_THE_GOLGI_AND_SUBSEQUENT_MODIFICATION	M70f4e58dbd2c
fgsea_msigdb_C2_CP_REACTOME_entrez:REACTOME_TRANS_GOLGI_NETWORK_VESICLE_BUDDING	M70f4e58dbd2c
fgsea_msigdb_C2_CP_REACTOME_entrez:REACTOME_TRIGLYCERIDE_CATABOLISM	Mbee868d3239c
fgsea_msigdb_C2_CP_REACTOME_entrez:REACTOME_TRIGLYCERIDE_METABOLISM	Mbee868d3239c
fgsea_msigdb_C2_CP_REACTOME_entrez:REACTOME_TRNA_AMINOACYLATION	M70f4e58dbd2c
fgsea_msigdb_C2_CP_REACTOME_entrez:REACTOME_TRNA_PROCESSING	M70f4e58dbd2c
fgsea_msigdb_C2_CP_REACTOME_entrez:REACTOME_TRNA_PROCESSING_IN_THE_NUCLEUS	M70f4e58dbd2c
fgsea_msigdb_C2_CP_REACTOME_entrez:REACTOME_TURBULENT_OSCILLATORY_DISTURBED_FLOW_SHEAR_STRESS_ACTIVATES_SIGNALING_BY_PIEZO1_AND_INTEGRINS_IN_ENDOTHELIAL_CELLS	Mdd20102ac690
fgsea_msigdb_C2_CP_REACTOME_entrez:REACTOME_UBIQUITIN_DEPENDENT_DEGRADATION_OF_CYCLIN_D	M70f4e58dbd2c
fgsea_msigdb_C2_CP_REACTOME_entrez:REACTOME_UB_SPECIFIC_PROCESSING_PROTEASES	Mdd20102ac690
fgsea_msigdb_C2_CP_REACTOME_entrez:REACTOME_UCH_PROTEINASES	M70f4e58dbd2c
fgsea_msigdb_C2_CP_REACTOME_entrez:REACTOME_UNBLOCKING_OF_NMDA_RECEPTORS_GLUTAMATE_BINDING_AND_ACTIVATION	M70f4e58dbd2c
fgsea_msigdb_C2_CP_REACTOME_entrez:REACTOME_UNFOLDED_PROTEIN_RESPONSE_UPR	M686f47bf956e
fgsea_msigdb_C2_CP_REACTOME_entrez:REACTOME_UPTAKE_AND_ACTIONS_OF_BACTERIAL_TOXINS	Mdd20102ac690
fgsea_msigdb_C2_CP_REACTOME_entrez:REACTOME_VASOPRESSIN_REGULATES_RENAL_WATER_HOMEOSTASIS_VIA_AQUAPORINS	M70f4e58dbd2c
fgsea_msigdb_C2_CP_REACTOME_entrez:REACTOME_VEGFR2_MEDIATED_CELL_PROLIFERATION	Mdd20102ac690
fgsea_msigdb_C2_CP_REACTOME_entrez:REACTOME_VEGFR2_MEDIATED_VASCULAR_PERMEABILITY	M450f2a7e6b00
fgsea_msigdb_C2_CP_REACTOME_entrez:REACTOME_VESICLE_MEDIATED_TRANSPORT	M70f4e58dbd2c
fgsea_msigdb_C2_CP_REACTOME_entrez:REACTOME_VIF_MEDIATED_DEGRADATION_OF_APOBEC3G	M70f4e58dbd2c
fgsea_msigdb_C2_CP_REACTOME_entrez:REACTOME_VIRAL_MESSENGER_RNA_SYNTHESIS	Mdd20102ac690
fgsea_msigdb_C2_CP_REACTOME_entrez:REACTOME_VISUAL_PHOTOTRANSDUCTION	Mdd20102ac690
fgsea_msigdb_C2_CP_REACTOME_entrez:REACTOME_VOLTAGE_GATED_POTASSIUM_CHANNELS	M70f4e58dbd2c
fgsea_msigdb_C2_CP_REACTOME_entrez:REACTOME_WNT5A_DEPENDENT_INTERNALIZATION_OF_FZD4	Mdd20102ac690
fgsea_msigdb_C2_CP_REACTOME_entrez:REACTOME_WNT_LIGAND_BIOGENESIS_AND_TRAFFICKING	Mcb7abe669c99
fgsea_msigdb_C2_CP_REACTOME_entrez:REACTOME_XENOBIOTICS	Mb5b8204e8bb3
